id,d_same_conflict,d_same_topic,margin,score,method,conflict,anchor_topic,positive_topic,negative_conflict,variant,author,audit_1,audit_1_agrees,audit_2,audit_2_agrees,both_audits_agree
e104500,0.702711550073,0.699118618014,-0.00359293205912,0,embedding,privacy_vs_openness,small_business,community_projects,freedom_vs_safety,0,1,B,True,B,True,True
e107194,0.66391613725,0.781268148917,0.117352011667,1,embedding,fairness_vs_mercy,education,arts,discipline_vs_comfort,0,0,B,True,B,True,True
e112381,0.694593226499,0.557775945611,-0.136817280888,0,embedding,personal_gain_vs_collective_impact,community_projects,healthcare,fairness_vs_mercy,1,2,B,True,B,True,True
e115286,0.667867396882,0.474761049625,-0.193106347256,0,embedding,autonomy_vs_approval,community_projects,education,freedom_vs_safety,1,1,B,True,B,True,True
e116018,0.805686866449,0.658393795058,-0.147293071391,0,embedding,ambition_vs_belonging,science,sport,truth_vs_loyalty,1,3,B,True,B,True,True
e117285,0.73890790329,0.610069745712,-0.128838157578,0,embedding,freedom_vs_safety,software,public_services,truth_vs_loyalty,0,3,B,True,B,True,True
e123276,0.634720216267,0.773673283607,0.13895306734,1,embedding,discipline_vs_comfort,agriculture,small_business,change_vs_tradition,0,3,B,True,B,True,True
e123750,0.634868404453,0.563858746917,-0.0710096575361,0,embedding,change_vs_tradition,sport,software,freedom_vs_safety,1,0,B,True,B,True,True
e126119,0.757314109392,0.604650853256,-0.152663256136,0,embedding,health_vs_duty,education,software,ambition_vs_belonging,1,0,B,True,B,True,True
e136130,0.706078938092,0.740763529752,0.0346845916595,1,embedding,fairness_vs_mercy,community_projects,public_services,truth_vs_loyalty,0,1,B,True,B,True,True
e138925,0.700304277175,0.796326244495,0.0960219673202,1,embedding,quality_vs_speed,small_business,arts,discipline_vs_comfort,1,0,B,True,B,True,True
e149232,0.613857238698,0.818027425291,0.204170186593,1,embedding,personal_gain_vs_collective_impact,arts,small_business,discipline_vs_comfort,1,3,C,False,B,True,False
e149636,0.798818503956,0.60027317268,-0.198545331276,0,embedding,autonomy_vs_approval,healthcare,community_projects,discipline_vs_comfort,0,3,B,True,B,True,True
e158209,0.798392382663,0.623991819041,-0.174400563623,0,embedding,health_vs_duty,agriculture,arts,discipline_vs_comfort,1,2,B,True,B,True,True
e159584,0.648799345245,0.59228098198,-0.0565183632653,0,embedding,change_vs_tradition,agriculture,sport,quality_vs_speed,1,3,B,True,B,True,True
e160554,0.649880554736,0.709801333104,0.0599207783677,1,embedding,security_vs_care,community_projects,arts,privacy_vs_openness,0,2,B,True,B,True,True
e161001,0.844836273002,0.518983051334,-0.325853221668,0,embedding,quality_vs_speed,public_services,software,health_vs_duty,0,1,B,True,B,True,True
e167029,0.744328262681,0.770470016016,0.0261417533353,1,embedding,freedom_vs_safety,arts,community_projects,fairness_vs_mercy,0,1,B,True,B,True,True
e167363,0.686088868584,0.741836556688,0.0557476881037,1,embedding,discipline_vs_comfort,science,education,privacy_vs_openness,1,0,B,True,B,True,True
e168057,0.669073637974,0.727250857008,0.0581772190336,1,embedding,fairness_vs_mercy,science,community_projects,personal_gain_vs_collective_impact,0,1,B,True,B,True,True
e175890,0.796526006122,0.753153889973,-0.0433721161494,0,embedding,personal_gain_vs_collective_impact,education,community_projects,fairness_vs_mercy,0,3,B,True,B,True,True
e177634,0.654870221453,0.656891573532,0.00202135207962,1,embedding,fairness_vs_mercy,software,small_business,privacy_vs_openness,0,0,B,True,B,True,True
e182306,0.824523459402,0.710532204875,-0.113991254526,0,embedding,personal_gain_vs_collective_impact,sport,community_projects,change_vs_tradition,1,0,B,True,B,True,True
e191647,0.612619372545,0.688365465458,0.0757460929136,1,embedding,security_vs_care,software,sport,health_vs_duty,0,1,B,True,B,True,True
e192668,0.645076376989,0.702472155877,0.0573957788871,1,embedding,discipline_vs_comfort,arts,healthcare,personal_gain_vs_collective_impact,1,1,B,True,B,True,True
e195720,0.739560691422,0.69188226736,-0.0476784240624,0,embedding,ambition_vs_belonging,arts,education,autonomy_vs_approval,1,0,B,True,B,True,True
e208208,0.661654679198,0.694099888628,0.0324452094301,1,embedding,quality_vs_speed,sport,public_services,autonomy_vs_approval,1,3,B,True,B,True,True
e211999,0.857729333069,0.794195790825,-0.0635335422447,0,embedding,privacy_vs_openness,community_projects,software,discipline_vs_comfort,0,2,B,True,B,True,True
e214638,0.714484825682,0.699737182341,-0.014747643341,0,embedding,truth_vs_loyalty,software,science,autonomy_vs_approval,1,2,B,True,B,True,True
e215267,0.630384153368,0.790316791285,0.159932637918,1,embedding,privacy_vs_openness,arts,education,freedom_vs_safety,1,1,B,True,B,True,True
e222314,0.687699940666,0.726176549871,0.0384766092046,1,embedding,privacy_vs_openness,arts,sport,health_vs_duty,0,3,B,True,B,True,True
e224123,0.760173038175,0.539824431448,-0.220348606728,0,embedding,fairness_vs_mercy,agriculture,healthcare,personal_gain_vs_collective_impact,1,0,C,False,B,True,False
e227316,0.580476967248,0.61169453004,0.0312175627922,1,embedding,security_vs_care,science,healthcare,discipline_vs_comfort,1,0,B,True,B,True,True
e230868,0.753551137778,0.8118216817,0.0582705439218,1,embedding,fairness_vs_mercy,education,sport,autonomy_vs_approval,1,2,B,True,B,True,True
e231603,0.565275132002,0.69614008972,0.130864957718,1,embedding,personal_gain_vs_collective_impact,education,software,privacy_vs_openness,1,1,B,True,B,True,True
e239295,0.683526471232,0.807387618707,0.123861147475,1,embedding,fairness_vs_mercy,arts,software,security_vs_care,0,2,B,True,C,False,False
e242508,0.754179502451,0.755327755476,0.00114825302495,1,embedding,ambition_vs_belonging,public_services,small_business,truth_vs_loyalty,0,3,B,True,B,True,True
e245015,0.848603985836,0.645592056775,-0.203011929061,0,embedding,health_vs_duty,sport,small_business,privacy_vs_openness,0,1,B,True,B,True,True
e245586,0.749485293792,0.607431894626,-0.142053399166,0,embedding,personal_gain_vs_collective_impact,healthcare,software,quality_vs_speed,0,0,B,True,B,True,True
e249597,0.593340207981,0.610076087637,0.0167358796562,1,embedding,personal_gain_vs_collective_impact,public_services,arts,freedom_vs_safety,0,2,B,True,B,True,True
e257479,0.876201580013,0.703565396349,-0.172636183665,0,embedding,autonomy_vs_approval,sport,small_business,health_vs_duty,1,3,B,True,B,True,True
e266383,0.871498750352,0.659598116176,-0.211900634177,0,embedding,health_vs_duty,arts,public_services,change_vs_tradition,0,0,B,True,B,True,True
e269142,0.543487735619,0.732115618214,0.188627882595,1,embedding,privacy_vs_openness,education,agriculture,change_vs_tradition,1,3,B,True,B,True,True
e269359,0.790589449985,0.651504369416,-0.139085080569,0,embedding,autonomy_vs_approval,agriculture,software,fairness_vs_mercy,0,0,B,True,B,True,True
e269940,0.545963146894,0.668492084311,0.122528937417,1,embedding,privacy_vs_openness,agriculture,small_business,ambition_vs_belonging,1,1,B,True,B,True,True
e271575,0.566530517454,0.544690567457,-0.0218399499973,0,embedding,truth_vs_loyalty,education,healthcare,health_vs_duty,1,2,B,True,B,True,True
e280334,0.447393750921,0.670559808247,0.223166057326,1,embedding,privacy_vs_openness,software,science,quality_vs_speed,0,1,B,True,B,True,True
e280448,0.708778292497,0.847989736822,0.139211444325,1,embedding,discipline_vs_comfort,healthcare,public_services,truth_vs_loyalty,0,2,B,True,B,True,True
e282243,0.795758068099,0.731713416579,-0.0640446515201,0,embedding,ambition_vs_belonging,sport,healthcare,fairness_vs_mercy,1,1,B,True,B,True,True
e286022,0.679157612349,0.578902279105,-0.100255333245,0,embedding,health_vs_duty,community_projects,education,quality_vs_speed,0,3,B,True,B,True,True
e292429,0.646476486297,0.535517432881,-0.110959053416,0,embedding,freedom_vs_safety,community_projects,agriculture,personal_gain_vs_collective_impact,0,0,B,True,B,True,True
e293727,0.645930743127,0.791321092931,0.145390349804,1,embedding,health_vs_duty,community_projects,healthcare,personal_gain_vs_collective_impact,1,1,B,True,B,True,True
e295481,0.773809112407,0.749239668676,-0.0245694437314,0,embedding,freedom_vs_safety,education,arts,security_vs_care,1,1,B,True,B,True,True
e310200,0.548372484068,0.696784340578,0.14841185651,1,embedding,change_vs_tradition,public_services,education,ambition_vs_belonging,1,0,B,True,B,True,True
e314391,0.567910239955,0.589781760794,0.0218715208389,1,embedding,change_vs_tradition,science,public_services,quality_vs_speed,0,0,B,True,B,True,True
e315995,0.582170252302,0.600846643772,0.01867639147,1,embedding,change_vs_tradition,education,software,truth_vs_loyalty,0,3,B,True,B,True,True
e322785,0.719545482865,0.745939630666,0.0263941478014,1,embedding,freedom_vs_safety,sport,software,quality_vs_speed,0,2,B,True,B,True,True
e334539,0.719662244096,0.591419966432,-0.128242277663,0,embedding,truth_vs_loyalty,education,sport,security_vs_care,0,0,B,True,B,True,True
e345957,0.493473615197,0.608370789476,0.114897174279,1,embedding,fairness_vs_mercy,healthcare,education,privacy_vs_openness,1,3,B,True,B,True,True
e347223,0.742493635622,0.887812150989,0.145318515367,1,embedding,health_vs_duty,public_services,sport,change_vs_tradition,1,3,B,True,B,True,True
e358391,0.720912620033,0.707382287174,-0.0135303328596,0,embedding,truth_vs_loyalty,community_projects,small_business,ambition_vs_belonging,0,1,B,True,B,True,True
e358760,0.793616279409,0.73230315736,-0.0613131220485,0,embedding,discipline_vs_comfort,sport,agriculture,security_vs_care,1,2,B,True,B,True,True
e365088,0.573826885457,0.43633984854,-0.137487036916,0,embedding,ambition_vs_belonging,agriculture,small_business,freedom_vs_safety,1,0,B,True,B,True,True
e367876,0.611873645731,0.757144217114,0.145270571383,1,embedding,truth_vs_loyalty,sport,education,ambition_vs_belonging,1,1,B,True,B,True,True
e372525,0.683235338711,0.717175635686,0.0339402969754,1,embedding,fairness_vs_mercy,public_services,agriculture,security_vs_care,1,1,neither,False,B,True,False
e375642,0.83214710914,0.691592235225,-0.140554873914,0,embedding,privacy_vs_openness,healthcare,agriculture,fairness_vs_mercy,0,2,B,True,B,True,True
e377040,0.817454086761,0.591338097387,-0.226115989374,0,embedding,autonomy_vs_approval,small_business,arts,ambition_vs_belonging,0,2,B,True,B,True,True
e382692,0.710764675362,0.620356058294,-0.0904086170676,0,embedding,ambition_vs_belonging,small_business,software,change_vs_tradition,1,2,B,True,B,True,True
e385608,0.582489206631,0.724646767229,0.142157560599,1,embedding,privacy_vs_openness,agriculture,public_services,personal_gain_vs_collective_impact,0,3,C,False,B,True,False
e393194,0.687245629421,0.666254825211,-0.0209908042097,0,embedding,fairness_vs_mercy,small_business,public_services,freedom_vs_safety,1,2,B,True,C,False,False
e393464,0.6789646461,0.695783197391,0.0168185512911,1,embedding,health_vs_duty,healthcare,software,security_vs_care,0,3,B,True,B,True,True
e400162,0.55384031161,0.705577845934,0.151737534324,1,embedding,fairness_vs_mercy,software,community_projects,quality_vs_speed,1,2,B,True,B,True,True
e402556,0.609425229195,0.756580133868,0.147154904673,1,embedding,change_vs_tradition,healthcare,science,autonomy_vs_approval,0,0,B,True,B,True,True
e406118,0.840322894233,0.742073381525,-0.0982495127079,0,embedding,autonomy_vs_approval,sport,public_services,security_vs_care,0,1,B,True,B,True,True
e408018,0.620983441068,0.631249814814,0.0102663737461,1,embedding,fairness_vs_mercy,small_business,agriculture,health_vs_duty,0,0,B,True,B,True,True
e409792,0.687089070749,0.426988755982,-0.260100314767,0,embedding,personal_gain_vs_collective_impact,agriculture,science,security_vs_care,0,1,B,True,B,True,True
e411947,0.76403397349,0.679488810655,-0.0845451628351,0,embedding,privacy_vs_openness,community_projects,science,autonomy_vs_approval,1,0,B,True,B,True,True
e429520,0.726788167606,0.704881825732,-0.0219063418738,0,embedding,fairness_vs_mercy,agriculture,education,quality_vs_speed,0,2,B,True,B,True,True
e433119,0.742204594934,0.832278632878,0.0900740379447,1,embedding,security_vs_care,small_business,science,change_vs_tradition,0,1,B,True,B,True,True
e433270,0.597107326368,0.769927723987,0.172820397619,1,embedding,quality_vs_speed,healthcare,small_business,privacy_vs_openness,0,3,B,True,B,True,True
e437483,0.676058684838,0.705956249267,0.0298975644291,1,embedding,discipline_vs_comfort,sport,healthcare,ambition_vs_belonging,0,0,B,True,B,True,True
e438502,0.619835591943,0.709158922494,0.0893233305512,1,embedding,ambition_vs_belonging,healthcare,public_services,security_vs_care,1,3,B,True,B,True,True
e441087,0.71040334655,0.787444993089,0.0770416465391,1,embedding,discipline_vs_comfort,software,sport,change_vs_tradition,1,3,B,True,B,True,True
e444577,0.704601905081,0.684264650247,-0.0203372548345,0,embedding,quality_vs_speed,arts,healthcare,freedom_vs_safety,0,0,B,True,B,True,True
e444915,0.600926888021,0.779791215451,0.17886432743,1,embedding,truth_vs_loyalty,small_business,public_services,quality_vs_speed,0,0,B,True,B,True,True
e445571,0.502454189009,0.600688959367,0.0982347703583,1,embedding,change_vs_tradition,arts,community_projects,security_vs_care,1,3,B,True,B,True,True
e449534,0.778072252756,0.540623992151,-0.237448260606,0,embedding,discipline_vs_comfort,public_services,software,quality_vs_speed,1,2,B,True,B,True,True
e451329,0.757317330966,0.69116229256,-0.0661550384057,0,embedding,fairness_vs_mercy,healthcare,sport,change_vs_tradition,0,1,B,True,B,True,True
e460139,0.573315700346,0.781934917617,0.208619217272,1,embedding,autonomy_vs_approval,public_services,arts,personal_gain_vs_collective_impact,1,3,C,False,B,True,False
e463179,0.638782332183,0.700223900532,0.0614415683488,1,embedding,freedom_vs_safety,science,community_projects,change_vs_tradition,1,2,B,True,B,True,True
e464045,0.819041318666,0.63453576801,-0.184505550656,0,embedding,quality_vs_speed,education,public_services,change_vs_tradition,0,2,B,True,B,True,True
e470271,0.749473326993,0.556502792935,-0.192970534058,0,embedding,personal_gain_vs_collective_impact,science,public_services,freedom_vs_safety,1,2,B,True,B,True,True
e472464,0.654728327347,0.586052065967,-0.0686762613804,0,embedding,quality_vs_speed,education,small_business,fairness_vs_mercy,1,0,B,True,B,True,True
e478161,0.395756252734,0.538944696184,0.143188443449,1,embedding,truth_vs_loyalty,science,arts,fairness_vs_mercy,1,3,B,True,B,True,True
e478188,0.767322093799,0.52189426539,-0.245427828409,0,embedding,autonomy_vs_approval,arts,agriculture,personal_gain_vs_collective_impact,0,0,B,True,B,True,True
e478381,0.504505842795,0.622888289075,0.11838244628,1,embedding,truth_vs_loyalty,small_business,community_projects,personal_gain_vs_collective_impact,1,2,B,True,B,True,True
e479745,0.773291719826,0.509093320906,-0.26419839892,0,embedding,ambition_vs_belonging,science,arts,freedom_vs_safety,0,1,B,True,B,True,True
e480131,0.678153375384,0.648974650047,-0.0291787253373,0,embedding,quality_vs_speed,agriculture,community_projects,ambition_vs_belonging,0,0,B,True,B,True,True
e491714,0.707130749032,0.580290205012,-0.12684054402,0,embedding,personal_gain_vs_collective_impact,community_projects,education,change_vs_tradition,0,0,B,True,B,True,True
e492437,0.786222416165,0.575164603298,-0.211057812867,0,embedding,privacy_vs_openness,small_business,software,truth_vs_loyalty,1,3,B,True,B,True,True
e495461,0.705270317344,0.615781825079,-0.0894884922654,0,embedding,security_vs_care,science,education,truth_vs_loyalty,0,2,B,True,B,True,True
e497456,0.790638190177,0.661977741538,-0.128660448639,0,embedding,health_vs_duty,education,community_projects,personal_gain_vs_collective_impact,0,2,B,True,B,True,True
e511029,0.722455277986,0.519989344496,-0.20246593349,0,embedding,personal_gain_vs_collective_impact,software,healthcare,ambition_vs_belonging,0,3,B,True,B,True,True
e515293,0.704602616149,0.650055212143,-0.0545474040053,0,embedding,fairness_vs_mercy,sport,arts,truth_vs_loyalty,1,1,B,True,B,True,True
e527974,0.579210915991,0.675613046401,0.0964021304102,1,embedding,discipline_vs_comfort,healthcare,small_business,autonomy_vs_approval,1,0,B,True,B,True,True
e529610,0.590045825866,0.65041038117,0.0603645553038,1,embedding,ambition_vs_belonging,healthcare,agriculture,personal_gain_vs_collective_impact,0,1,B,True,B,True,True
e534757,0.627713644525,0.54690995421,-0.0808036903155,0,embedding,discipline_vs_comfort,arts,education,quality_vs_speed,0,3,B,True,B,True,True
e535396,0.691132082256,0.723405651956,0.0322735697008,1,embedding,security_vs_care,community_projects,sport,quality_vs_speed,1,0,B,True,B,True,True
e535562,0.651908582722,0.756685238917,0.104776656195,1,embedding,change_vs_tradition,small_business,education,security_vs_care,0,3,B,True,B,True,True
e541035,0.722454029636,0.678296176896,-0.0441578527402,0,embedding,health_vs_duty,arts,small_business,fairness_vs_mercy,1,2,C,False,B,True,False
e558518,0.60724536078,0.684127937674,0.0768825768941,1,embedding,security_vs_care,software,education,freedom_vs_safety,1,3,B,True,B,True,True
e563179,0.759077802046,0.746163766157,-0.0129140358894,0,embedding,quality_vs_speed,small_business,science,truth_vs_loyalty,0,2,B,True,B,True,True
e564214,0.713825411748,0.650869266364,-0.062956145384,0,embedding,privacy_vs_openness,sport,education,truth_vs_loyalty,0,0,B,True,B,True,True
e570367,0.850364786151,0.563730568974,-0.286634217177,0,embedding,ambition_vs_belonging,arts,sport,discipline_vs_comfort,0,2,B,True,B,True,True
e578352,0.549946937015,0.634878119714,0.0849311826988,1,embedding,security_vs_care,small_business,arts,fairness_vs_mercy,1,3,B,True,B,True,True
e579607,0.843518887032,0.643091618046,-0.200427268987,0,embedding,change_vs_tradition,arts,small_business,ambition_vs_belonging,0,1,B,True,B,True,True
e579873,0.70918803092,0.65293760389,-0.0562504270298,0,embedding,autonomy_vs_approval,science,agriculture,quality_vs_speed,1,1,B,True,B,True,True
e590577,0.520413010331,0.794326935568,0.273913925237,1,embedding,privacy_vs_openness,sport,healthcare,discipline_vs_comfort,1,2,B,True,B,True,True
e594670,0.668258794958,0.634714419596,-0.0335443753619,0,embedding,freedom_vs_safety,public_services,healthcare,fairness_vs_mercy,1,0,B,True,B,True,True
e598211,0.512712877821,0.745010112489,0.232297234668,1,embedding,truth_vs_loyalty,healthcare,education,freedom_vs_safety,0,1,B,True,B,True,True
e599508,0.638903924757,0.694446975635,0.0555430508788,1,embedding,discipline_vs_comfort,community_projects,arts,health_vs_duty,1,0,B,True,B,True,True
e602550,0.73001492252,0.526701237469,-0.203313685051,0,embedding,freedom_vs_safety,education,science,ambition_vs_belonging,0,3,B,True,B,True,True
e609396,0.691418297217,0.601719512564,-0.0896987846536,0,embedding,security_vs_care,education,small_business,personal_gain_vs_collective_impact,1,3,B,True,B,True,True
e612735,0.734838434276,0.717032117726,-0.0178063165507,0,embedding,ambition_vs_belonging,agriculture,public_services,health_vs_duty,0,2,B,True,B,True,True
e620045,0.731139684545,0.661694639109,-0.0694450454362,0,embedding,quality_vs_speed,arts,agriculture,truth_vs_loyalty,1,2,B,True,B,True,True
e621976,0.622607217624,0.744068764197,0.121461546573,1,embedding,discipline_vs_comfort,software,arts,autonomy_vs_approval,0,1,B,True,B,True,True
e624782,0.602090670663,0.608524230431,0.00643355976779,1,embedding,discipline_vs_comfort,education,public_services,freedom_vs_safety,1,3,B,True,B,True,True
e628765,0.774569402791,0.648043066216,-0.126526336575,0,embedding,change_vs_tradition,software,agriculture,fairness_vs_mercy,0,3,B,True,B,True,True
e629289,0.772430791534,0.606333722312,-0.166097069221,0,embedding,ambition_vs_belonging,education,healthcare,privacy_vs_openness,0,0,B,True,B,True,True
e629454,0.746264359814,0.671013462644,-0.0752508971707,0,embedding,ambition_vs_belonging,community_projects,science,privacy_vs_openness,1,3,B,True,B,True,True
e630427,0.558284570627,0.653115989929,0.0948314193013,1,embedding,security_vs_care,education,public_services,quality_vs_speed,0,1,B,True,B,True,True
e632673,0.819118078201,0.708345422588,-0.110772655613,0,embedding,personal_gain_vs_collective_impact,healthcare,science,ambition_vs_belonging,1,2,B,True,B,True,True
e633721,0.69539790059,0.615906964959,-0.0794909356314,0,embedding,autonomy_vs_approval,community_projects,sport,health_vs_duty,0,3,B,True,B,True,True
e649147,0.609312577467,0.586773460021,-0.0225391174461,0,embedding,truth_vs_loyalty,agriculture,healthcare,autonomy_vs_approval,0,2,B,True,B,True,True
e650040,0.688609998571,0.779054034948,0.0904440363762,1,embedding,autonomy_vs_approval,public_services,science,quality_vs_speed,0,1,B,True,B,True,True
e656482,0.614941149177,0.332207259872,-0.282733889305,0,embedding,change_vs_tradition,community_projects,healthcare,freedom_vs_safety,0,0,B,True,B,True,True
e660306,0.824368250196,0.60019830621,-0.224169943985,0,embedding,quality_vs_speed,software,sport,personal_gain_vs_collective_impact,0,2,B,True,C,False,False
e661245,0.632311386183,0.760316525663,0.12800513948,1,embedding,security_vs_care,arts,agriculture,change_vs_tradition,1,1,C,False,B,True,False
e664310,0.679040029505,0.666702655616,-0.012337373889,0,embedding,personal_gain_vs_collective_impact,arts,public_services,truth_vs_loyalty,0,1,B,True,B,True,True
e665956,0.658339219691,0.654087566722,-0.00425165296896,0,embedding,privacy_vs_openness,software,arts,personal_gain_vs_collective_impact,1,3,B,True,B,True,True
e668083,0.89710196697,0.73221778943,-0.16488417754,0,embedding,freedom_vs_safety,agriculture,sport,discipline_vs_comfort,0,1,B,True,B,True,True
e668841,0.686329733704,0.548388681991,-0.137941051713,0,embedding,discipline_vs_comfort,science,sport,fairness_vs_mercy,0,2,B,True,B,True,True
e671472,0.803181780658,0.689854360912,-0.113327419746,0,embedding,autonomy_vs_approval,arts,public_services,ambition_vs_belonging,1,2,B,True,B,True,True
e671952,0.597457372856,0.538676098412,-0.0587812744442,0,embedding,fairness_vs_mercy,science,software,ambition_vs_belonging,1,3,C,False,B,True,False
e675540,0.703297372963,0.507193607562,-0.196103765401,0,embedding,security_vs_care,agriculture,community_projects,freedom_vs_safety,0,3,C,False,B,True,False
e676013,0.819821077584,0.625774880451,-0.194046197133,0,embedding,personal_gain_vs_collective_impact,software,agriculture,security_vs_care,1,1,B,True,B,True,True
e677760,0.798746548136,0.736141189909,-0.0626053582277,0,embedding,quality_vs_speed,agriculture,software,security_vs_care,1,2,B,True,B,True,True
e682986,0.703816437271,0.632315088133,-0.0715013491376,0,embedding,freedom_vs_safety,arts,software,privacy_vs_openness,1,3,B,True,B,True,True
e684845,0.781100186184,0.589537743217,-0.191562442967,0,embedding,freedom_vs_safety,healthcare,arts,health_vs_duty,0,0,B,True,B,True,True
e687961,0.718770372848,0.694118533902,-0.0246518389456,0,embedding,autonomy_vs_approval,software,healthcare,fairness_vs_mercy,1,0,B,True,C,False,False
e689149,0.698912187119,0.853415370554,0.154503183435,1,embedding,health_vs_duty,public_services,arts,autonomy_vs_approval,0,1,B,True,B,True,True
e690672,0.547074845581,0.700935312913,0.153860467332,1,embedding,personal_gain_vs_collective_impact,small_business,sport,discipline_vs_comfort,0,3,B,True,B,True,True
e692313,0.721704290072,0.704815457473,-0.0168888325994,0,embedding,health_vs_duty,small_business,education,privacy_vs_openness,1,0,B,True,B,True,True
e693438,0.6174854913,0.703026806942,0.0855413156414,1,embedding,change_vs_tradition,community_projects,agriculture,truth_vs_loyalty,1,2,B,True,B,True,True
e696200,0.815138982906,0.668640696389,-0.146498286517,0,embedding,ambition_vs_belonging,public_services,community_projects,discipline_vs_comfort,1,1,B,True,B,True,True
e699555,0.783863818933,0.586085433921,-0.197778385011,0,embedding,truth_vs_loyalty,arts,sport,quality_vs_speed,1,0,B,True,B,True,True
e711069,0.740113356028,0.647362866602,-0.0927504894257,0,embedding,health_vs_duty,sport,community_projects,quality_vs_speed,1,3,B,True,B,True,True
e713368,0.641099128561,0.848368914385,0.207269785824,1,embedding,discipline_vs_comfort,small_business,software,personal_gain_vs_collective_impact,0,1,B,True,B,True,True
e716892,0.516438069605,0.595972643474,0.0795345738692,1,embedding,truth_vs_loyalty,public_services,small_business,privacy_vs_openness,1,1,B,True,B,True,True
e721871,0.733119468161,0.645963642897,-0.0871558252646,0,embedding,security_vs_care,arts,healthcare,autonomy_vs_approval,0,3,B,True,B,True,True
e729209,0.91625614534,0.711202981309,-0.205053164031,0,embedding,change_vs_tradition,agriculture,arts,privacy_vs_openness,0,1,B,True,B,True,True
e729603,0.699775866075,0.676978208421,-0.022797657654,0,embedding,personal_gain_vs_collective_impact,agriculture,arts,health_vs_duty,1,3,B,True,B,True,True
e732875,0.574894600071,0.602603516281,0.0277089162104,1,embedding,ambition_vs_belonging,software,arts,health_vs_duty,1,2,B,True,B,True,True
e735008,0.722811930124,0.707493154726,-0.0153187753986,0,embedding,personal_gain_vs_collective_impact,small_business,education,autonomy_vs_approval,1,1,B,True,B,True,True
e735739,0.682189140163,0.610972174241,-0.071216965922,0,embedding,security_vs_care,public_services,science,autonomy_vs_approval,1,2,B,True,B,True,True
e742051,0.692979375437,0.743282806629,0.0503034311925,1,embedding,freedom_vs_safety,science,small_business,autonomy_vs_approval,0,0,B,True,B,True,True
e748039,0.672570382276,0.628192896287,-0.0443774859886,0,embedding,privacy_vs_openness,public_services,small_business,security_vs_care,0,0,B,True,B,True,True
e750120,0.723030812534,0.693401173828,-0.0296296387061,0,embedding,security_vs_care,healthcare,community_projects,health_vs_duty,1,0,B,True,B,True,True
e751725,0.822367516624,0.849564267208,0.0271967505839,1,embedding,change_vs_tradition,sport,community_projects,health_vs_duty,0,2,B,True,B,True,True
e759795,0.572090574375,0.643578336449,0.071487762074,1,embedding,personal_gain_vs_collective_impact,science,agriculture,health_vs_duty,0,0,B,True,B,True,True
e760826,0.78050166422,0.790656987193,0.0101553229731,1,embedding,health_vs_duty,software,agriculture,truth_vs_loyalty,1,0,C,False,B,True,False
e771712,0.552580766973,0.727491085813,0.17491031884,1,embedding,fairness_vs_mercy,community_projects,small_business,discipline_vs_comfort,1,3,B,True,B,True,True
e779700,0.762237421337,0.782035765478,0.0197983441412,1,embedding,health_vs_duty,agriculture,science,truth_vs_loyalty,0,0,B,True,B,True,True
e780705,0.631643728289,0.642811257545,0.0111675292559,1,embedding,personal_gain_vs_collective_impact,public_services,sport,truth_vs_loyalty,1,0,B,True,B,True,True
e782208,0.597521983684,0.667465761442,0.0699437777582,1,embedding,change_vs_tradition,software,public_services,privacy_vs_openness,1,1,B,True,B,True,True
e782459,0.531183644111,0.54249337873,0.0113097346192,1,embedding,quality_vs_speed,community_projects,arts,autonomy_vs_approval,0,3,B,True,B,True,True
e782824,0.735683747159,0.76824648923,0.0325627420706,1,embedding,discipline_vs_comfort,community_projects,science,security_vs_care,0,2,B,True,B,True,True
e784832,0.747024592688,0.714713903327,-0.0323106893612,0,embedding,security_vs_care,sport,agriculture,fairness_vs_mercy,0,0,B,True,B,True,True
e790209,0.459367601282,0.827363296674,0.367995695393,1,embedding,freedom_vs_safety,sport,science,personal_gain_vs_collective_impact,1,0,B,True,B,True,True
e791685,0.650059501889,0.546423277207,-0.103636224682,0,embedding,freedom_vs_safety,small_business,healthcare,privacy_vs_openness,0,3,B,True,B,True,True
e792357,0.63443708118,0.586126341673,-0.048310739507,0,embedding,truth_vs_loyalty,public_services,agriculture,fairness_vs_mercy,0,3,B,True,B,True,True
e792904,0.702521292013,0.704937669593,0.00241637757968,1,embedding,freedom_vs_safety,agriculture,education,autonomy_vs_approval,1,3,B,True,B,True,True
e793029,0.712323984058,0.556384519556,-0.155939464502,0,embedding,freedom_vs_safety,healthcare,sport,truth_vs_loyalty,1,2,C,False,B,True,False
e794699,0.689349173223,0.819847414875,0.130498241652,1,embedding,ambition_vs_belonging,sport,education,change_vs_tradition,0,3,B,True,B,True,True
e796327,0.572280081346,0.616808444936,0.0445283635895,1,embedding,freedom_vs_safety,small_business,agriculture,quality_vs_speed,1,1,B,True,B,True,True
e797829,0.764022789433,0.656560000563,-0.10746278887,0,embedding,health_vs_duty,healthcare,science,freedom_vs_safety,1,1,B,True,B,True,True
e802980,0.563144348555,0.74905009705,0.185905748496,1,embedding,privacy_vs_openness,science,sport,security_vs_care,1,0,B,True,B,True,True
e806677,0.643620872252,0.643526144206,-9.47280458843e-05,0,embedding,privacy_vs_openness,education,healthcare,autonomy_vs_approval,0,1,B,True,B,True,True
e809235,0.694646933408,0.725787765495,0.0311408320869,1,embedding,quality_vs_speed,community_projects,sport,change_vs_tradition,1,1,B,True,B,True,True
e814005,0.617017606454,0.749039818111,0.132022211657,1,embedding,truth_vs_loyalty,science,software,change_vs_tradition,0,1,B,True,B,True,True
e818481,0.560583126585,0.774839266157,0.214256139571,1,embedding,security_vs_care,healthcare,small_business,ambition_vs_belonging,0,2,B,True,B,True,True
e819740,0.794491245334,0.618258759549,-0.176232485785,0,embedding,freedom_vs_safety,public_services,education,change_vs_tradition,0,2,B,True,B,True,True
e821044,0.688489040803,0.823998207499,0.135509166697,1,embedding,change_vs_tradition,small_business,healthcare,health_vs_duty,1,1,B,True,B,True,True
e821660,0.741191650068,0.682553067693,-0.0586385823751,0,embedding,discipline_vs_comfort,agriculture,community_projects,fairness_vs_mercy,1,1,B,True,B,True,True
e825330,0.808191121794,0.797919948771,-0.010271173023,0,embedding,quality_vs_speed,public_services,science,freedom_vs_safety,1,3,B,True,B,True,True
e826013,0.586250944381,0.645151996432,0.0589010520513,1,embedding,truth_vs_loyalty,sport,arts,personal_gain_vs_collective_impact,0,3,B,True,B,True,True
e826355,0.608337683215,0.574812286552,-0.0335253966627,0,embedding,truth_vs_loyalty,agriculture,public_services,change_vs_tradition,1,0,B,True,B,True,True
e836308,0.659897674594,0.591128626018,-0.0687690485758,0,embedding,privacy_vs_openness,science,arts,ambition_vs_belonging,0,2,B,True,B,True,True
e837276,0.584349085628,0.694452720143,0.110103634515,1,embedding,autonomy_vs_approval,science,healthcare,privacy_vs_openness,0,3,B,True,B,True,True
e838439,0.770621614109,0.583138999048,-0.187482615061,0,embedding,autonomy_vs_approval,education,small_business,freedom_vs_safety,0,2,B,True,B,True,True
e843984,0.674457519372,0.619835725311,-0.0546217940618,0,embedding,truth_vs_loyalty,community_projects,software,security_vs_care,1,3,B,True,B,True,True
e853899,0.682674795372,0.791533415034,0.108858619662,1,embedding,autonomy_vs_approval,agriculture,science,privacy_vs_openness,1,2,B,True,B,True,True
e860383,0.559795114528,0.719231788985,0.159436674457,1,embedding,security_vs_care,public_services,software,discipline_vs_comfort,0,0,B,True,B,True,True
e867758,0.77969745231,0.507892507824,-0.271804944485,0,embedding,security_vs_care,agriculture,software,truth_vs_loyalty,1,1,B,True,B,True,True
e873827,0.692471505886,0.857834345322,0.165362839436,1,embedding,change_vs_tradition,public_services,sport,personal_gain_vs_collective_impact,0,2,B,True,B,True,True
e875287,0.736926223438,0.839013059791,0.102086836353,1,embedding,autonomy_vs_approval,small_business,sport,security_vs_care,1,0,B,True,B,True,True
e876711,0.775904546074,0.685650658474,-0.0902538876006,0,embedding,autonomy_vs_approval,software,education,change_vs_tradition,0,2,B,True,B,True,True
e885393,0.554249054909,0.575307696311,0.0210586414021,1,embedding,fairness_vs_mercy,public_services,healthcare,ambition_vs_belonging,0,3,B,True,B,True,True
e886494,0.542741950496,0.690232965892,0.147491015396,1,embedding,health_vs_duty,small_business,sport,fairness_vs_mercy,0,2,B,True,B,True,True
e888857,0.729397210376,0.790174883639,0.0607776732621,1,embedding,ambition_vs_belonging,community_projects,software,fairness_vs_mercy,0,1,B,True,B,True,True
e889561,0.736133222416,0.700800876632,-0.0353323457838,0,embedding,health_vs_duty,software,healthcare,freedom_vs_safety,0,2,B,True,B,True,True
e892350,0.653578937034,0.567748560787,-0.0858303762471,0,embedding,discipline_vs_comfort,small_business,science,ambition_vs_belonging,1,3,B,True,B,True,True
e896152,0.530562563547,0.747580905397,0.217018341849,1,embedding,change_vs_tradition,education,science,discipline_vs_comfort,1,1,B,True,B,True,True
e897599,0.662354257117,0.633746442865,-0.028607814252,0,embedding,health_vs_duty,science,public_services,autonomy_vs_approval,1,1,B,True,B,True,True
e899130,0.588891344787,0.545215455818,-0.0436758889696,0,embedding,ambition_vs_belonging,small_business,community_projects,autonomy_vs_approval,0,0,B,True,B,True,True
e899499,0.540743634716,0.902140187081,0.361396552364,1,embedding,truth_vs_loyalty,software,community_projects,discipline_vs_comfort,0,0,B,True,B,True,True
e904759,0.760890509902,0.832854462346,0.0719639524442,1,embedding,freedom_vs_safety,software,small_business,discipline_vs_comfort,1,1,B,True,B,True,True
e905292,0.759058931235,0.674888043762,-0.0841708874728,0,embedding,discipline_vs_comfort,education,agriculture,health_vs_duty,0,1,B,True,B,True,True
e909061,0.671743567768,0.653607731401,-0.0181358363661,0,embedding,privacy_vs_openness,healthcare,public_services,quality_vs_speed,1,0,B,True,B,True,True
e918142,0.710127053738,0.744029682613,0.0339026288751,1,embedding,truth_vs_loyalty,arts,science,privacy_vs_openness,0,2,B,True,B,True,True
e920916,0.684212659766,0.753984235724,0.0697715759576,1,embedding,quality_vs_speed,healthcare,community_projects,personal_gain_vs_collective_impact,1,1,B,True,B,True,True
e926843,0.560990698083,0.709662711824,0.148672013741,1,embedding,discipline_vs_comfort,public_services,community_projects,privacy_vs_openness,0,0,B,True,B,True,True
e935599,0.545725546318,0.646766207114,0.101040660797,1,embedding,truth_vs_loyalty,healthcare,agriculture,discipline_vs_comfort,1,3,B,True,B,True,True
e936853,0.774294484058,0.608614237811,-0.165680246248,0,embedding,autonomy_vs_approval,healthcare,software,change_vs_tradition,1,1,B,True,B,True,True
e940305,0.802879373723,0.78228577635,-0.0205935973729,0,embedding,security_vs_care,sport,public_services,privacy_vs_openness,1,2,B,True,B,True,True
e942370,0.669428065118,0.53559124194,-0.133836823178,0,embedding,health_vs_duty,science,agriculture,discipline_vs_comfort,0,3,B,True,B,True,True
e945953,0.609220616114,0.761272275436,0.152051659322,1,embedding,quality_vs_speed,science,education,security_vs_care,0,3,B,True,B,True,True
e948218,0.695313534601,0.658554736629,-0.0367587979716,0,embedding,ambition_vs_belonging,software,science,security_vs_care,0,0,B,True,B,True,True
e948707,0.860144516557,0.692948860804,-0.167195655753,0,embedding,change_vs_tradition,science,small_business,personal_gain_vs_collective_impact,1,2,B,True,B,True,True
e958112,0.763541730397,0.573681377566,-0.189860352831,0,embedding,ambition_vs_belonging,education,agriculture,quality_vs_speed,1,2,B,True,B,True,True
e961947,0.641301152922,0.775086274673,0.133785121751,1,embedding,quality_vs_speed,science,healthcare,health_vs_duty,1,1,B,True,B,True,True
e970100,0.903742330711,0.759336563227,-0.144405767484,0,embedding,change_vs_tradition,healthcare,arts,fairness_vs_mercy,1,2,B,True,B,True,True
e979356,0.603036810787,0.76081371185,0.157776901063,1,embedding,freedom_vs_safety,community_projects,public_services,ambition_vs_belonging,1,2,B,True,B,True,True
e979543,0.779537427975,0.660394534885,-0.11914289309,0,embedding,personal_gain_vs_collective_impact,sport,small_business,autonomy_vs_approval,0,2,B,True,B,True,True
e986961,0.633502271101,0.713352300411,0.07985002931,1,embedding,quality_vs_speed,software,education,ambition_vs_belonging,1,0,B,True,B,True,True
e987456,0.699958618207,0.583535429095,-0.116423189112,0,embedding,privacy_vs_openness,public_services,community_projects,health_vs_duty,1,2,B,True,B,True,True
e989337,0.80031456832,0.732618267323,-0.0676963009966,0,embedding,quality_vs_speed,sport,agriculture,discipline_vs_comfort,0,1,B,True,B,True,True
e989918,0.798833651826,0.546654731233,-0.252178920593,0,embedding,fairness_vs_mercy,arts,science,health_vs_duty,1,0,B,True,B,True,True
e990329,0.661988659665,0.698719942519,0.0367312828541,1,embedding,autonomy_vs_approval,education,community_projects,truth_vs_loyalty,1,0,B,True,B,True,True
e996895,0.544234159267,0.81138286674,0.267148707473,1,embedding,fairness_vs_mercy,sport,science,freedom_vs_safety,0,3,B,True,B,True,True
e104500,0.749508859956,0.650333433299,-0.0991754266564,0,concept207,privacy_vs_openness,small_business,community_projects,freedom_vs_safety,0,1,B,True,B,True,True
e107194,0.671805811146,1.0110904339,0.339284622756,1,concept207,fairness_vs_mercy,education,arts,discipline_vs_comfort,0,0,B,True,B,True,True
e112381,0.558089254469,0.340927881376,-0.217161373093,0,concept207,personal_gain_vs_collective_impact,community_projects,healthcare,fairness_vs_mercy,1,2,B,True,B,True,True
e115286,0.55797125549,0.314728572573,-0.243242682917,0,concept207,autonomy_vs_approval,community_projects,education,freedom_vs_safety,1,1,B,True,B,True,True
e116018,0.820412024958,0.962191079253,0.141779054296,1,concept207,ambition_vs_belonging,science,sport,truth_vs_loyalty,1,3,B,True,B,True,True
e117285,0.398826673103,0.438392685715,0.0395660126127,1,concept207,freedom_vs_safety,software,public_services,truth_vs_loyalty,0,3,B,True,B,True,True
e123276,0.349564175199,0.848603811596,0.499039636397,1,concept207,discipline_vs_comfort,agriculture,small_business,change_vs_tradition,0,3,B,True,B,True,True
e123750,0.503352336899,0.346885748119,-0.15646658878,0,concept207,change_vs_tradition,sport,software,freedom_vs_safety,1,0,B,True,B,True,True
e126119,0.378765968428,0.678986825447,0.30022085702,1,concept207,health_vs_duty,education,software,ambition_vs_belonging,1,0,B,True,B,True,True
e136130,0.364735852287,0.532822774215,0.168086921928,1,concept207,fairness_vs_mercy,community_projects,public_services,truth_vs_loyalty,0,1,B,True,B,True,True
e138925,0.821960727568,0.378503879505,-0.443456848063,0,concept207,quality_vs_speed,small_business,arts,discipline_vs_comfort,1,0,B,True,B,True,True
e149232,0.431674912965,0.869943757858,0.438268844893,1,concept207,personal_gain_vs_collective_impact,arts,small_business,discipline_vs_comfort,1,3,C,False,B,True,False
e149636,0.687730198008,0.528292278006,-0.159437920002,0,concept207,autonomy_vs_approval,healthcare,community_projects,discipline_vs_comfort,0,3,B,True,B,True,True
e158209,1.00684450268,1.09323769793,0.0863931952562,1,concept207,health_vs_duty,agriculture,arts,discipline_vs_comfort,1,2,B,True,B,True,True
e159584,0.458465323317,0.457510404891,-0.000954918425495,0,concept207,change_vs_tradition,agriculture,sport,quality_vs_speed,1,3,B,True,B,True,True
e160554,0.524551687478,0.520437292905,-0.00411439457248,0,concept207,security_vs_care,community_projects,arts,privacy_vs_openness,0,2,B,True,B,True,True
e161001,0.587845412118,0.337195913984,-0.250649498134,0,concept207,quality_vs_speed,public_services,software,health_vs_duty,0,1,B,True,B,True,True
e167029,0.36011022819,0.416826382277,0.0567161540866,1,concept207,freedom_vs_safety,arts,community_projects,fairness_vs_mercy,0,1,B,True,B,True,True
e167363,0.495926363619,0.95589387709,0.45996751347,1,concept207,discipline_vs_comfort,science,education,privacy_vs_openness,1,0,B,True,B,True,True
e168057,0.442534839443,0.47733618926,0.0348013498167,1,concept207,fairness_vs_mercy,science,community_projects,personal_gain_vs_collective_impact,0,1,B,True,B,True,True
e175890,0.557473125802,0.723789644815,0.166316519014,1,concept207,personal_gain_vs_collective_impact,education,community_projects,fairness_vs_mercy,0,3,B,True,B,True,True
e177634,0.699645046259,0.425105601027,-0.274539445233,0,concept207,fairness_vs_mercy,software,small_business,privacy_vs_openness,0,0,B,True,B,True,True
e182306,0.668290699877,0.601327510114,-0.0669631897638,0,concept207,personal_gain_vs_collective_impact,sport,community_projects,change_vs_tradition,1,0,B,True,B,True,True
e191647,0.368238449253,0.472175500227,0.103937050974,1,concept207,security_vs_care,software,sport,health_vs_duty,0,1,B,True,B,True,True
e192668,0.625699061953,0.657315869915,0.031616807962,1,concept207,discipline_vs_comfort,arts,healthcare,personal_gain_vs_collective_impact,1,1,B,True,B,True,True
e195720,0.588947256848,0.790028271566,0.201081014718,1,concept207,ambition_vs_belonging,arts,education,autonomy_vs_approval,1,0,B,True,B,True,True
e208208,0.495496261893,0.541911569541,0.046415307648,1,concept207,quality_vs_speed,sport,public_services,autonomy_vs_approval,1,3,B,True,B,True,True
e211999,0.765770617704,0.807743489282,0.0419728715772,1,concept207,privacy_vs_openness,community_projects,software,discipline_vs_comfort,0,2,B,True,B,True,True
e214638,0.502687145567,0.344238904696,-0.158448240871,0,concept207,truth_vs_loyalty,software,science,autonomy_vs_approval,1,2,B,True,B,True,True
e215267,0.522089790373,0.773478405167,0.251388614794,1,concept207,privacy_vs_openness,arts,education,freedom_vs_safety,1,1,B,True,B,True,True
e222314,0.592874174253,0.731418367985,0.138544193732,1,concept207,privacy_vs_openness,arts,sport,health_vs_duty,0,3,B,True,B,True,True
e224123,0.561611914364,0.245232798198,-0.316379116166,0,concept207,fairness_vs_mercy,agriculture,healthcare,personal_gain_vs_collective_impact,1,0,C,False,B,True,False
e227316,0.255731661328,0.581075667275,0.325344005947,1,concept207,security_vs_care,science,healthcare,discipline_vs_comfort,1,0,B,True,B,True,True
e230868,0.529506432085,0.634010620554,0.104504188469,1,concept207,fairness_vs_mercy,education,sport,autonomy_vs_approval,1,2,B,True,B,True,True
e231603,0.285258266248,0.710622219368,0.42536395312,1,concept207,personal_gain_vs_collective_impact,education,software,privacy_vs_openness,1,1,B,True,B,True,True
e239295,0.817209252293,0.940805789047,0.123596536754,1,concept207,fairness_vs_mercy,arts,software,security_vs_care,0,2,B,True,C,False,False
e242508,0.67824378525,0.482438487282,-0.195805297968,0,concept207,ambition_vs_belonging,public_services,small_business,truth_vs_loyalty,0,3,B,True,B,True,True
e245015,0.679995259318,0.360045121375,-0.319950137943,0,concept207,health_vs_duty,sport,small_business,privacy_vs_openness,0,1,B,True,B,True,True
e245586,0.789358802972,0.442063772854,-0.347295030119,0,concept207,personal_gain_vs_collective_impact,healthcare,software,quality_vs_speed,0,0,B,True,B,True,True
e249597,0.538650647576,0.359063725178,-0.179586922398,0,concept207,personal_gain_vs_collective_impact,public_services,arts,freedom_vs_safety,0,2,B,True,B,True,True
e257479,0.898360893165,0.640071557544,-0.258289335621,0,concept207,autonomy_vs_approval,sport,small_business,health_vs_duty,1,3,B,True,B,True,True
e266383,0.617008256877,1.01889511228,0.401886855399,1,concept207,health_vs_duty,arts,public_services,change_vs_tradition,0,0,B,True,B,True,True
e269142,0.463252924502,0.914242596791,0.450989672289,1,concept207,privacy_vs_openness,education,agriculture,change_vs_tradition,1,3,B,True,B,True,True
e269359,0.524042833424,0.56795337148,0.043910538056,1,concept207,autonomy_vs_approval,agriculture,software,fairness_vs_mercy,0,0,B,True,B,True,True
e269940,0.759582862615,0.464915193307,-0.294667669309,0,concept207,privacy_vs_openness,agriculture,small_business,ambition_vs_belonging,1,1,B,True,B,True,True
e271575,0.613517746724,0.610144238551,-0.00337350817261,0,concept207,truth_vs_loyalty,education,healthcare,health_vs_duty,1,2,B,True,B,True,True
e280334,0.283374432349,0.508341935783,0.224967503434,1,concept207,privacy_vs_openness,software,science,quality_vs_speed,0,1,B,True,B,True,True
e280448,0.502544944872,0.849491611422,0.34694666655,1,concept207,discipline_vs_comfort,healthcare,public_services,truth_vs_loyalty,0,2,B,True,B,True,True
e282243,0.632415833345,0.61571548273,-0.0167003506154,0,concept207,ambition_vs_belonging,sport,healthcare,fairness_vs_mercy,1,1,B,True,B,True,True
e286022,0.686677257154,0.565329029138,-0.121348228015,0,concept207,health_vs_duty,community_projects,education,quality_vs_speed,0,3,B,True,B,True,True
e292429,0.331525755536,0.200376339062,-0.131149416475,0,concept207,freedom_vs_safety,community_projects,agriculture,personal_gain_vs_collective_impact,0,0,B,True,B,True,True
e293727,0.392664820495,0.951326284257,0.558661463762,1,concept207,health_vs_duty,community_projects,healthcare,personal_gain_vs_collective_impact,1,1,B,True,B,True,True
e295481,0.505061441907,0.448222776246,-0.0568386656613,0,concept207,freedom_vs_safety,education,arts,security_vs_care,1,1,B,True,B,True,True
e310200,0.440991446843,0.620379552201,0.179388105358,1,concept207,change_vs_tradition,public_services,education,ambition_vs_belonging,1,0,B,True,B,True,True
e314391,0.386021872734,0.424698972437,0.038677099703,1,concept207,change_vs_tradition,science,public_services,quality_vs_speed,0,0,B,True,B,True,True
e315995,0.30369397803,0.390627816907,0.0869338388764,1,concept207,change_vs_tradition,education,software,truth_vs_loyalty,0,3,B,True,B,True,True
e322785,0.412846712076,0.635638335107,0.222791623031,1,concept207,freedom_vs_safety,sport,software,quality_vs_speed,0,2,B,True,B,True,True
e334539,0.367350624858,0.48645334214,0.119102717282,1,concept207,truth_vs_loyalty,education,sport,security_vs_care,0,0,B,True,B,True,True
e345957,0.290451736964,0.570453150575,0.280001413611,1,concept207,fairness_vs_mercy,healthcare,education,privacy_vs_openness,1,3,B,True,B,True,True
e347223,0.427913365053,1.20130209187,0.773388726818,1,concept207,health_vs_duty,public_services,sport,change_vs_tradition,1,3,B,True,B,True,True
e358391,0.631381090642,0.412229955418,-0.219151135224,0,concept207,truth_vs_loyalty,community_projects,small_business,ambition_vs_belonging,0,1,B,True,B,True,True
e358760,0.548322254682,0.756481928406,0.208159673724,1,concept207,discipline_vs_comfort,sport,agriculture,security_vs_care,1,2,B,True,B,True,True
e365088,0.485181392846,0.64616850501,0.160987112164,1,concept207,ambition_vs_belonging,agriculture,small_business,freedom_vs_safety,1,0,B,True,B,True,True
e367876,0.394233762258,0.4146565239,0.0204227616417,1,concept207,truth_vs_loyalty,sport,education,ambition_vs_belonging,1,1,B,True,B,True,True
e372525,0.277919985966,0.418317321728,0.140397335761,1,concept207,fairness_vs_mercy,public_services,agriculture,security_vs_care,1,1,neither,False,B,True,False
e375642,0.890005561892,0.832495839728,-0.0575097221639,0,concept207,privacy_vs_openness,healthcare,agriculture,fairness_vs_mercy,0,2,B,True,B,True,True
e377040,0.891278808112,0.410864975869,-0.480413832243,0,concept207,autonomy_vs_approval,small_business,arts,ambition_vs_belonging,0,2,B,True,B,True,True
e382692,0.509150595835,0.450411360423,-0.058739235412,0,concept207,ambition_vs_belonging,small_business,software,change_vs_tradition,1,2,B,True,B,True,True
e385608,0.302098926719,0.70992188538,0.407822958661,1,concept207,privacy_vs_openness,agriculture,public_services,personal_gain_vs_collective_impact,0,3,C,False,B,True,False
e393194,0.344074142791,0.590915579907,0.246841437116,1,concept207,fairness_vs_mercy,small_business,public_services,freedom_vs_safety,1,2,B,True,C,False,False
e393464,0.66657486482,0.640358628334,-0.0262162364851,0,concept207,health_vs_duty,healthcare,software,security_vs_care,0,3,B,True,B,True,True
e400162,0.447290839735,0.355335520213,-0.0919553195217,0,concept207,fairness_vs_mercy,software,community_projects,quality_vs_speed,1,2,B,True,B,True,True
e402556,0.834566970817,0.795207221138,-0.0393597496789,0,concept207,change_vs_tradition,healthcare,science,autonomy_vs_approval,0,0,B,True,B,True,True
e406118,0.860798849928,0.395872846105,-0.464926003823,0,concept207,autonomy_vs_approval,sport,public_services,security_vs_care,0,1,B,True,B,True,True
e408018,0.439390056964,0.520839772735,0.0814497157708,1,concept207,fairness_vs_mercy,small_business,agriculture,health_vs_duty,0,0,B,True,B,True,True
e409792,0.332203180663,0.246702947685,-0.0855002329778,0,concept207,personal_gain_vs_collective_impact,agriculture,science,security_vs_care,0,1,B,True,B,True,True
e411947,0.704075904759,0.878423842181,0.174347937422,1,concept207,privacy_vs_openness,community_projects,science,autonomy_vs_approval,1,0,B,True,B,True,True
e429520,0.370483060293,0.707013791565,0.336530731272,1,concept207,fairness_vs_mercy,agriculture,education,quality_vs_speed,0,2,B,True,B,True,True
e433119,0.613929141985,0.791518115746,0.177588973761,1,concept207,security_vs_care,small_business,science,change_vs_tradition,0,1,B,True,B,True,True
e433270,0.416398553535,1.01023130727,0.593832753731,1,concept207,quality_vs_speed,healthcare,small_business,privacy_vs_openness,0,3,B,True,B,True,True
e437483,0.686096917394,0.795845838584,0.109748921191,1,concept207,discipline_vs_comfort,sport,healthcare,ambition_vs_belonging,0,0,B,True,B,True,True
e438502,0.479896113518,0.550469469876,0.0705733563574,1,concept207,ambition_vs_belonging,healthcare,public_services,security_vs_care,1,3,B,True,B,True,True
e441087,0.333209025243,0.658200558243,0.324991533,1,concept207,discipline_vs_comfort,software,sport,change_vs_tradition,1,3,B,True,B,True,True
e444577,0.757547669271,0.377802063368,-0.379745605903,0,concept207,quality_vs_speed,arts,healthcare,freedom_vs_safety,0,0,B,True,B,True,True
e444915,0.337494655096,0.628168058929,0.290673403833,1,concept207,truth_vs_loyalty,small_business,public_services,quality_vs_speed,0,0,B,True,B,True,True
e445571,0.263840540372,0.789166404098,0.525325863726,1,concept207,change_vs_tradition,arts,community_projects,security_vs_care,1,3,B,True,B,True,True
e449534,0.675196682079,0.491381520244,-0.183815161835,0,concept207,discipline_vs_comfort,public_services,software,quality_vs_speed,1,2,B,True,B,True,True
e451329,0.649982898803,0.811044162001,0.161061263198,1,concept207,fairness_vs_mercy,healthcare,sport,change_vs_tradition,0,1,B,True,B,True,True
e460139,0.462012848505,0.804113725227,0.342100876722,1,concept207,autonomy_vs_approval,public_services,arts,personal_gain_vs_collective_impact,1,3,C,False,B,True,False
e463179,0.405025656782,0.32712832445,-0.0778973323312,0,concept207,freedom_vs_safety,science,community_projects,change_vs_tradition,1,2,B,True,B,True,True
e464045,0.826659190878,0.569322692525,-0.257336498353,0,concept207,quality_vs_speed,education,public_services,change_vs_tradition,0,2,B,True,B,True,True
e470271,0.502013790039,0.32882874308,-0.17318504696,0,concept207,personal_gain_vs_collective_impact,science,public_services,freedom_vs_safety,1,2,B,True,B,True,True
e472464,0.470673371396,0.459369653337,-0.0113037180596,0,concept207,quality_vs_speed,education,small_business,fairness_vs_mercy,1,0,B,True,B,True,True
e478161,0.29736789642,0.310391087396,0.0130231909767,1,concept207,truth_vs_loyalty,science,arts,fairness_vs_mercy,1,3,B,True,B,True,True
e478188,0.948647937575,0.474463175481,-0.474184762094,0,concept207,autonomy_vs_approval,arts,agriculture,personal_gain_vs_collective_impact,0,0,B,True,B,True,True
e478381,0.240891722902,0.601100320533,0.360208597631,1,concept207,truth_vs_loyalty,small_business,community_projects,personal_gain_vs_collective_impact,1,2,B,True,B,True,True
e479745,0.546188655411,0.29133616953,-0.254852485881,0,concept207,ambition_vs_belonging,science,arts,freedom_vs_safety,0,1,B,True,B,True,True
e480131,0.618918081614,0.58765202809,-0.0312660535246,0,concept207,quality_vs_speed,agriculture,community_projects,ambition_vs_belonging,0,0,B,True,B,True,True
e491714,0.602840833376,0.622901550407,0.0200607170306,1,concept207,personal_gain_vs_collective_impact,community_projects,education,change_vs_tradition,0,0,B,True,B,True,True
e492437,0.698184564971,0.578662056418,-0.119522508554,0,concept207,privacy_vs_openness,small_business,software,truth_vs_loyalty,1,3,B,True,B,True,True
e495461,0.549064896838,0.65078907614,0.101724179303,1,concept207,security_vs_care,science,education,truth_vs_loyalty,0,2,B,True,B,True,True
e497456,0.776940189956,0.623020150796,-0.15392003916,0,concept207,health_vs_duty,education,community_projects,personal_gain_vs_collective_impact,0,2,B,True,B,True,True
e511029,0.441172608429,0.398822872392,-0.0423497360374,0,concept207,personal_gain_vs_collective_impact,software,healthcare,ambition_vs_belonging,0,3,B,True,B,True,True
e515293,0.907804093971,0.331842963306,-0.575961130665,0,concept207,fairness_vs_mercy,sport,arts,truth_vs_loyalty,1,1,B,True,B,True,True
e527974,0.52278938211,0.41809778174,-0.104691600369,0,concept207,discipline_vs_comfort,healthcare,small_business,autonomy_vs_approval,1,0,B,True,B,True,True
e529610,0.232111506047,0.643077077809,0.410965571762,1,concept207,ambition_vs_belonging,healthcare,agriculture,personal_gain_vs_collective_impact,0,1,B,True,B,True,True
e534757,0.248607018522,0.477869257328,0.229262238806,1,concept207,discipline_vs_comfort,arts,education,quality_vs_speed,0,3,B,True,B,True,True
e535396,0.570996197321,0.66892645666,0.0979302593387,1,concept207,security_vs_care,community_projects,sport,quality_vs_speed,1,0,B,True,B,True,True
e535562,0.460831332763,0.879216598983,0.41838526622,1,concept207,change_vs_tradition,small_business,education,security_vs_care,0,3,B,True,B,True,True
e541035,0.715191633296,0.798151700593,0.0829600672971,1,concept207,health_vs_duty,arts,small_business,fairness_vs_mercy,1,2,C,False,B,True,False
e558518,0.307093280162,0.456211235226,0.149117955063,1,concept207,security_vs_care,software,education,freedom_vs_safety,1,3,B,True,B,True,True
e563179,0.538457249661,0.875997610399,0.337540360738,1,concept207,quality_vs_speed,small_business,science,truth_vs_loyalty,0,2,B,True,B,True,True
e564214,0.522448948995,0.441355455312,-0.0810934936835,0,concept207,privacy_vs_openness,sport,education,truth_vs_loyalty,0,0,B,True,B,True,True
e570367,0.73161324817,0.395070713543,-0.336542534627,0,concept207,ambition_vs_belonging,arts,sport,discipline_vs_comfort,0,2,B,True,B,True,True
e578352,0.584767119403,0.71051254971,0.125745430307,1,concept207,security_vs_care,small_business,arts,fairness_vs_mercy,1,3,B,True,B,True,True
e579607,0.85058825783,0.444545215666,-0.406043042164,0,concept207,change_vs_tradition,arts,small_business,ambition_vs_belonging,0,1,B,True,B,True,True
e579873,0.535888691973,0.354553006008,-0.181335685965,0,concept207,autonomy_vs_approval,science,agriculture,quality_vs_speed,1,1,B,True,B,True,True
e590577,0.53509161716,0.473060639978,-0.0620309771817,0,concept207,privacy_vs_openness,sport,healthcare,discipline_vs_comfort,1,2,B,True,B,True,True
e594670,0.583169269199,0.420032239435,-0.163137029763,0,concept207,freedom_vs_safety,public_services,healthcare,fairness_vs_mercy,1,0,B,True,B,True,True
e598211,0.377667322661,0.621021229055,0.243353906395,1,concept207,truth_vs_loyalty,healthcare,education,freedom_vs_safety,0,1,B,True,B,True,True
e599508,0.625594708163,0.671029107274,0.045434399111,1,concept207,discipline_vs_comfort,community_projects,arts,health_vs_duty,1,0,B,True,B,True,True
e602550,0.446824763038,0.313584755369,-0.133240007669,0,concept207,freedom_vs_safety,education,science,ambition_vs_belonging,0,3,B,True,B,True,True
e609396,0.358958391728,0.399060730638,0.0401023389105,1,concept207,security_vs_care,education,small_business,personal_gain_vs_collective_impact,1,3,B,True,B,True,True
e612735,0.496927949552,0.621308325579,0.124380376028,1,concept207,ambition_vs_belonging,agriculture,public_services,health_vs_duty,0,2,B,True,B,True,True
e620045,0.533388293847,0.678098702307,0.14471040846,1,concept207,quality_vs_speed,arts,agriculture,truth_vs_loyalty,1,2,B,True,B,True,True
e621976,0.464302575519,0.586251883244,0.121949307725,1,concept207,discipline_vs_comfort,software,arts,autonomy_vs_approval,0,1,B,True,B,True,True
e624782,0.443848476495,0.453366381291,0.00951790479559,1,concept207,discipline_vs_comfort,education,public_services,freedom_vs_safety,1,3,B,True,B,True,True
e628765,0.57166714772,0.491858558381,-0.0798085893389,0,concept207,change_vs_tradition,software,agriculture,fairness_vs_mercy,0,3,B,True,B,True,True
e629289,0.400800650453,0.909094345412,0.508293694958,1,concept207,ambition_vs_belonging,education,healthcare,privacy_vs_openness,0,0,B,True,B,True,True
e629454,0.489343189567,0.522665360501,0.0333221709341,1,concept207,ambition_vs_belonging,community_projects,science,privacy_vs_openness,1,3,B,True,B,True,True
e630427,0.368451700539,0.576821507756,0.208369807218,1,concept207,security_vs_care,education,public_services,quality_vs_speed,0,1,B,True,B,True,True
e632673,0.543775521142,0.49610282924,-0.047672691902,0,concept207,personal_gain_vs_collective_impact,healthcare,science,ambition_vs_belonging,1,2,B,True,B,True,True
e633721,0.556025858819,0.64235355857,0.0863276997509,1,concept207,autonomy_vs_approval,community_projects,sport,health_vs_duty,0,3,B,True,B,True,True
e649147,0.637363906706,0.570072824144,-0.0672910825619,0,concept207,truth_vs_loyalty,agriculture,healthcare,autonomy_vs_approval,0,2,B,True,B,True,True
e650040,0.300730922123,0.670057981783,0.369327059661,1,concept207,autonomy_vs_approval,public_services,science,quality_vs_speed,0,1,B,True,B,True,True
e656482,0.74874902287,0.209462912595,-0.539286110275,0,concept207,change_vs_tradition,community_projects,healthcare,freedom_vs_safety,0,0,B,True,B,True,True
e660306,0.672904074951,0.493227736971,-0.179676337981,0,concept207,quality_vs_speed,software,sport,personal_gain_vs_collective_impact,0,2,B,True,C,False,False
e661245,0.558705408416,0.740127357138,0.181421948721,1,concept207,security_vs_care,arts,agriculture,change_vs_tradition,1,1,C,False,B,True,False
e664310,0.278926533459,0.442695858627,0.163769325168,1,concept207,personal_gain_vs_collective_impact,arts,public_services,truth_vs_loyalty,0,1,B,True,B,True,True
e665956,0.641781287057,0.612513672465,-0.0292676145927,0,concept207,privacy_vs_openness,software,arts,personal_gain_vs_collective_impact,1,3,B,True,B,True,True
e668083,0.562898035025,0.452172757552,-0.110725277473,0,concept207,freedom_vs_safety,agriculture,sport,discipline_vs_comfort,0,1,B,True,B,True,True
e668841,0.414378272136,0.318963132125,-0.0954151400108,0,concept207,discipline_vs_comfort,science,sport,fairness_vs_mercy,0,2,B,True,B,True,True
e671472,0.669289331273,0.55309942687,-0.116189904403,0,concept207,autonomy_vs_approval,arts,public_services,ambition_vs_belonging,1,2,B,True,B,True,True
e671952,0.415965012476,0.421609259576,0.00564424710014,1,concept207,fairness_vs_mercy,science,software,ambition_vs_belonging,1,3,C,False,B,True,False
e675540,0.35180874596,0.489181846674,0.137373100713,1,concept207,security_vs_care,agriculture,community_projects,freedom_vs_safety,0,3,C,False,B,True,False
e676013,0.830583246039,0.65539020192,-0.175193044119,0,concept207,personal_gain_vs_collective_impact,software,agriculture,security_vs_care,1,1,B,True,B,True,True
e677760,0.437376596844,0.819375705324,0.381999108479,1,concept207,quality_vs_speed,agriculture,software,security_vs_care,1,2,B,True,B,True,True
e682986,0.50532365259,0.514524969842,0.00920131725163,1,concept207,freedom_vs_safety,arts,software,privacy_vs_openness,1,3,B,True,B,True,True
e684845,0.862234130975,0.480148509636,-0.382085621339,0,concept207,freedom_vs_safety,healthcare,arts,health_vs_duty,0,0,B,True,B,True,True
e687961,0.535835937916,0.62564332643,0.089807388514,1,concept207,autonomy_vs_approval,software,healthcare,fairness_vs_mercy,1,0,B,True,C,False,False
e689149,0.743700295095,1.01537710892,0.271676813823,1,concept207,health_vs_duty,public_services,arts,autonomy_vs_approval,0,1,B,True,B,True,True
e690672,0.348010417097,0.639431106407,0.29142068931,1,concept207,personal_gain_vs_collective_impact,small_business,sport,discipline_vs_comfort,0,3,B,True,B,True,True
e692313,0.588934940757,0.777119741139,0.188184800382,1,concept207,health_vs_duty,small_business,education,privacy_vs_openness,1,0,B,True,B,True,True
e693438,0.394921818607,0.705686827285,0.310765008678,1,concept207,change_vs_tradition,community_projects,agriculture,truth_vs_loyalty,1,2,B,True,B,True,True
e696200,0.434798025477,0.650871345524,0.216073320047,1,concept207,ambition_vs_belonging,public_services,community_projects,discipline_vs_comfort,1,1,B,True,B,True,True
e699555,0.507448282421,0.365604155558,-0.141844126863,0,concept207,truth_vs_loyalty,arts,sport,quality_vs_speed,1,0,B,True,B,True,True
e711069,0.44303568969,0.495928383794,0.0528926941045,1,concept207,health_vs_duty,sport,community_projects,quality_vs_speed,1,3,B,True,B,True,True
e713368,0.648441684822,0.976200861948,0.327759177126,1,concept207,discipline_vs_comfort,small_business,software,personal_gain_vs_collective_impact,0,1,B,True,B,True,True
e716892,0.499837601547,0.749773627326,0.249936025779,1,concept207,truth_vs_loyalty,public_services,small_business,privacy_vs_openness,1,1,B,True,B,True,True
e721871,0.529260030382,0.878578454416,0.349318424034,1,concept207,security_vs_care,arts,healthcare,autonomy_vs_approval,0,3,B,True,B,True,True
e729209,0.894453585837,0.486070380872,-0.408383204966,0,concept207,change_vs_tradition,agriculture,arts,privacy_vs_openness,0,1,B,True,B,True,True
e729603,0.560792316524,0.592839431523,0.0320471149995,1,concept207,personal_gain_vs_collective_impact,agriculture,arts,health_vs_duty,1,3,B,True,B,True,True
e732875,0.616889396507,0.785648843899,0.168759447392,1,concept207,ambition_vs_belonging,software,arts,health_vs_duty,1,2,B,True,B,True,True
e735008,0.663958557273,0.86122510275,0.197266545477,1,concept207,personal_gain_vs_collective_impact,small_business,education,autonomy_vs_approval,1,1,B,True,B,True,True
e735739,0.458773481359,0.464849903068,0.00607642170913,1,concept207,security_vs_care,public_services,science,autonomy_vs_approval,1,2,B,True,B,True,True
e742051,0.460433059122,0.53942333664,0.0789902775178,1,concept207,freedom_vs_safety,science,small_business,autonomy_vs_approval,0,0,B,True,B,True,True
e748039,0.33915305995,0.565283795772,0.226130735822,1,concept207,privacy_vs_openness,public_services,small_business,security_vs_care,0,0,B,True,B,True,True
e750120,0.377353190779,0.432214359372,0.0548611685932,1,concept207,security_vs_care,healthcare,community_projects,health_vs_duty,1,0,B,True,B,True,True
e751725,0.610125250625,0.916622123646,0.306496873021,1,concept207,change_vs_tradition,sport,community_projects,health_vs_duty,0,2,B,True,B,True,True
e759795,0.243778680435,0.519425501538,0.275646821103,1,concept207,personal_gain_vs_collective_impact,science,agriculture,health_vs_duty,0,0,B,True,B,True,True
e760826,0.635674186524,0.766929359588,0.131255173063,1,concept207,health_vs_duty,software,agriculture,truth_vs_loyalty,1,0,C,False,B,True,False
e771712,0.469913627922,0.699484612571,0.229570984649,1,concept207,fairness_vs_mercy,community_projects,small_business,discipline_vs_comfort,1,3,B,True,B,True,True
e779700,0.714905659268,0.752748953348,0.03784329408,1,concept207,health_vs_duty,agriculture,science,truth_vs_loyalty,0,0,B,True,B,True,True
e780705,0.361389595368,0.542853112742,0.181463517374,1,concept207,personal_gain_vs_collective_impact,public_services,sport,truth_vs_loyalty,1,0,B,True,B,True,True
e782208,0.365195330628,0.422030989831,0.0568356592032,1,concept207,change_vs_tradition,software,public_services,privacy_vs_openness,1,1,B,True,B,True,True
e782459,0.314879132671,0.273986995536,-0.0408921371358,0,concept207,quality_vs_speed,community_projects,arts,autonomy_vs_approval,0,3,B,True,B,True,True
e782824,0.920397361732,0.540080585178,-0.380316776553,0,concept207,discipline_vs_comfort,community_projects,science,security_vs_care,0,2,B,True,B,True,True
e784832,0.617875869778,0.5372854358,-0.080590433978,0,concept207,security_vs_care,sport,agriculture,fairness_vs_mercy,0,0,B,True,B,True,True
e790209,0.298652004549,0.800540668902,0.501888664354,1,concept207,freedom_vs_safety,sport,science,personal_gain_vs_collective_impact,1,0,B,True,B,True,True
e791685,0.562494748116,0.682220451602,0.119725703486,1,concept207,freedom_vs_safety,small_business,healthcare,privacy_vs_openness,0,3,B,True,B,True,True
e792357,0.479366129335,0.234886493845,-0.24447963549,0,concept207,truth_vs_loyalty,public_services,agriculture,fairness_vs_mercy,0,3,B,True,B,True,True
e792904,0.389545581558,0.434455129416,0.0449095478582,1,concept207,freedom_vs_safety,agriculture,education,autonomy_vs_approval,1,3,B,True,B,True,True
e793029,0.565800952364,0.382304307466,-0.183496644899,0,concept207,freedom_vs_safety,healthcare,sport,truth_vs_loyalty,1,2,C,False,B,True,False
e794699,0.671708792633,0.685927754015,0.0142189613829,1,concept207,ambition_vs_belonging,sport,education,change_vs_tradition,0,3,B,True,B,True,True
e796327,0.43937964457,0.391065797256,-0.0483138473145,0,concept207,freedom_vs_safety,small_business,agriculture,quality_vs_speed,1,1,B,True,B,True,True
e797829,0.824897931628,0.342512717532,-0.482385214096,0,concept207,health_vs_duty,healthcare,science,freedom_vs_safety,1,1,B,True,B,True,True
e802980,0.608530449769,0.506336739437,-0.102193710332,0,concept207,privacy_vs_openness,science,sport,security_vs_care,1,0,B,True,B,True,True
e806677,0.45666587337,0.611613660739,0.154947787369,1,concept207,privacy_vs_openness,education,healthcare,autonomy_vs_approval,0,1,B,True,B,True,True
e809235,0.488100966048,0.650692889502,0.162591923455,1,concept207,quality_vs_speed,community_projects,sport,change_vs_tradition,1,1,B,True,B,True,True
e814005,0.538978706357,0.631114915636,0.0921362092785,1,concept207,truth_vs_loyalty,science,software,change_vs_tradition,0,1,B,True,B,True,True
e818481,0.440384370892,1.05845145306,0.618067082171,1,concept207,security_vs_care,healthcare,small_business,ambition_vs_belonging,0,2,B,True,B,True,True
e819740,0.453780594797,0.514545605529,0.0607650107327,1,concept207,freedom_vs_safety,public_services,education,change_vs_tradition,0,2,B,True,B,True,True
e821044,0.583992333122,1.12325383368,0.539261500559,1,concept207,change_vs_tradition,small_business,healthcare,health_vs_duty,1,1,B,True,B,True,True
e821660,0.772415462206,0.760793055044,-0.0116224071615,0,concept207,discipline_vs_comfort,agriculture,community_projects,fairness_vs_mercy,1,1,B,True,B,True,True
e825330,0.669592329544,0.762771051586,0.0931787220427,1,concept207,quality_vs_speed,public_services,science,freedom_vs_safety,1,3,B,True,B,True,True
e826013,0.394235763429,0.779179946029,0.384944182599,1,concept207,truth_vs_loyalty,sport,arts,personal_gain_vs_collective_impact,0,3,B,True,B,True,True
e826355,0.352068611051,0.515791075347,0.163722464296,1,concept207,truth_vs_loyalty,agriculture,public_services,change_vs_tradition,1,0,B,True,B,True,True
e836308,0.487108251196,0.661197975054,0.174089723858,1,concept207,privacy_vs_openness,science,arts,ambition_vs_belonging,0,2,B,True,B,True,True
e837276,0.369851264874,0.388602885911,0.0187516210371,1,concept207,autonomy_vs_approval,science,healthcare,privacy_vs_openness,0,3,B,True,B,True,True
e838439,0.537813229553,0.185673840488,-0.352139389066,0,concept207,autonomy_vs_approval,education,small_business,freedom_vs_safety,0,2,B,True,B,True,True
e843984,0.622196683195,0.231092004394,-0.391104678801,0,concept207,truth_vs_loyalty,community_projects,software,security_vs_care,1,3,B,True,B,True,True
e853899,0.420451574838,1.20494881981,0.784497244971,1,concept207,autonomy_vs_approval,agriculture,science,privacy_vs_openness,1,2,B,True,B,True,True
e860383,0.241668104649,0.730523726133,0.488855621484,1,concept207,security_vs_care,public_services,software,discipline_vs_comfort,0,0,B,True,B,True,True
e867758,0.618974821621,0.65451283995,0.0355380183285,1,concept207,security_vs_care,agriculture,software,truth_vs_loyalty,1,1,B,True,B,True,True
e873827,0.600090284406,0.790642398157,0.190552113751,1,concept207,change_vs_tradition,public_services,sport,personal_gain_vs_collective_impact,0,2,B,True,B,True,True
e875287,0.928091931946,1.31646774871,0.388375816761,1,concept207,autonomy_vs_approval,small_business,sport,security_vs_care,1,0,B,True,B,True,True
e876711,0.624807552141,0.437549097879,-0.187258454262,0,concept207,autonomy_vs_approval,software,education,change_vs_tradition,0,2,B,True,B,True,True
e885393,0.229906026048,0.391512173989,0.161606147941,1,concept207,fairness_vs_mercy,public_services,healthcare,ambition_vs_belonging,0,3,B,True,B,True,True
e886494,0.508949419947,0.908104739359,0.399155319411,1,concept207,health_vs_duty,small_business,sport,fairness_vs_mercy,0,2,B,True,B,True,True
e888857,0.516111011124,0.423827382679,-0.0922836284458,0,concept207,ambition_vs_belonging,community_projects,software,fairness_vs_mercy,0,1,B,True,B,True,True
e889561,0.747395547329,0.263175393632,-0.484220153697,0,concept207,health_vs_duty,software,healthcare,freedom_vs_safety,0,2,B,True,B,True,True
e892350,0.645843411016,0.644725809983,-0.00111760103222,0,concept207,discipline_vs_comfort,small_business,science,ambition_vs_belonging,1,3,B,True,B,True,True
e896152,0.250009612757,0.585508755072,0.335499142315,1,concept207,change_vs_tradition,education,science,discipline_vs_comfort,1,1,B,True,B,True,True
e897599,0.409183540201,0.427179899485,0.017996359284,1,concept207,health_vs_duty,science,public_services,autonomy_vs_approval,1,1,B,True,B,True,True
e899130,0.428425584643,0.814029600554,0.385604015912,1,concept207,ambition_vs_belonging,small_business,community_projects,autonomy_vs_approval,0,0,B,True,B,True,True
e899499,0.666533176686,0.865023709135,0.198490532448,1,concept207,truth_vs_loyalty,software,community_projects,discipline_vs_comfort,0,0,B,True,B,True,True
e904759,0.457578220672,0.293805095353,-0.163773125319,0,concept207,freedom_vs_safety,software,small_business,discipline_vs_comfort,1,1,B,True,B,True,True
e905292,0.723895843013,0.415082423113,-0.308813419899,0,concept207,discipline_vs_comfort,education,agriculture,health_vs_duty,0,1,B,True,B,True,True
e909061,0.619967593261,0.425850302563,-0.194117290698,0,concept207,privacy_vs_openness,healthcare,public_services,quality_vs_speed,1,0,B,True,B,True,True
e918142,0.563672060809,1.32497003258,0.761297971768,1,concept207,truth_vs_loyalty,arts,science,privacy_vs_openness,0,2,B,True,B,True,True
e920916,0.624720631983,0.563877203095,-0.060843428888,0,concept207,quality_vs_speed,healthcare,community_projects,personal_gain_vs_collective_impact,1,1,B,True,B,True,True
e926843,0.462235996891,0.936548338728,0.474312341837,1,concept207,discipline_vs_comfort,public_services,community_projects,privacy_vs_openness,0,0,B,True,B,True,True
e935599,0.311164480092,0.757163208675,0.445998728583,1,concept207,truth_vs_loyalty,healthcare,agriculture,discipline_vs_comfort,1,3,B,True,B,True,True
e936853,0.723312005907,0.419482032316,-0.30382997359,0,concept207,autonomy_vs_approval,healthcare,software,change_vs_tradition,1,1,B,True,B,True,True
e940305,0.597512818763,0.587706404859,-0.00980641390391,0,concept207,security_vs_care,sport,public_services,privacy_vs_openness,1,2,B,True,B,True,True
e942370,0.616929479456,0.281809607417,-0.335119872039,0,concept207,health_vs_duty,science,agriculture,discipline_vs_comfort,0,3,B,True,B,True,True
e945953,0.308690820138,0.377194167584,0.0685033474455,1,concept207,quality_vs_speed,science,education,security_vs_care,0,3,B,True,B,True,True
e948218,0.484870610406,0.78476088617,0.299890275764,1,concept207,ambition_vs_belonging,software,science,security_vs_care,0,0,B,True,B,True,True
e948707,0.422489641402,0.504675124341,0.0821854829398,1,concept207,change_vs_tradition,science,small_business,personal_gain_vs_collective_impact,1,2,B,True,B,True,True
e958112,0.604359631272,0.345815550328,-0.258544080943,0,concept207,ambition_vs_belonging,education,agriculture,quality_vs_speed,1,2,B,True,B,True,True
e961947,0.494880143075,0.629400695464,0.134520552389,1,concept207,quality_vs_speed,science,healthcare,health_vs_duty,1,1,B,True,B,True,True
e970100,1.03495421229,0.665922024833,-0.369032187454,0,concept207,change_vs_tradition,healthcare,arts,fairness_vs_mercy,1,2,B,True,B,True,True
e979356,0.460438574477,0.583711643128,0.123273068651,1,concept207,freedom_vs_safety,community_projects,public_services,ambition_vs_belonging,1,2,B,True,B,True,True
e979543,0.729622679265,0.564890991497,-0.164731687768,0,concept207,personal_gain_vs_collective_impact,sport,small_business,autonomy_vs_approval,0,2,B,True,B,True,True
e986961,0.669902895456,0.634204741552,-0.0356981539037,0,concept207,quality_vs_speed,software,education,ambition_vs_belonging,1,0,B,True,B,True,True
e987456,0.452611485941,0.553053860572,0.100442374631,1,concept207,privacy_vs_openness,public_services,community_projects,health_vs_duty,1,2,B,True,B,True,True
e989337,0.316238268352,0.476728067797,0.160489799445,1,concept207,quality_vs_speed,sport,agriculture,discipline_vs_comfort,0,1,B,True,B,True,True
e989918,0.729544234696,0.515557566805,-0.213986667892,0,concept207,fairness_vs_mercy,arts,science,health_vs_duty,1,0,B,True,B,True,True
e990329,0.598363620657,0.425094741222,-0.173268879435,0,concept207,autonomy_vs_approval,education,community_projects,truth_vs_loyalty,1,0,B,True,B,True,True
e996895,0.264802441791,0.61860207296,0.353799631169,1,concept207,fairness_vs_mercy,sport,science,freedom_vs_safety,0,3,B,True,B,True,True
e104500,0.726110205014,0.674726025657,-0.0513841793577,0,hybrid50,privacy_vs_openness,small_business,community_projects,freedom_vs_safety,0,1,B,True,B,True,True
e107194,0.667860974198,0.896179291409,0.228318317211,1,hybrid50,fairness_vs_mercy,education,arts,discipline_vs_comfort,0,0,B,True,B,True,True
e112381,0.626341240484,0.449351913494,-0.176989326991,0,hybrid50,personal_gain_vs_collective_impact,community_projects,healthcare,fairness_vs_mercy,1,2,B,True,B,True,True
e115286,0.612919326186,0.394744811099,-0.218174515087,0,hybrid50,autonomy_vs_approval,community_projects,education,freedom_vs_safety,1,1,B,True,B,True,True
e116018,0.813049445703,0.810292437156,-0.00275700854781,0,hybrid50,ambition_vs_belonging,science,sport,truth_vs_loyalty,1,3,B,True,B,True,True
e117285,0.568867288196,0.524231215713,-0.0446360724828,0,hybrid50,freedom_vs_safety,software,public_services,truth_vs_loyalty,0,3,B,True,B,True,True
e123276,0.492142195733,0.811138547601,0.318996351868,1,hybrid50,discipline_vs_comfort,agriculture,small_business,change_vs_tradition,0,3,B,True,B,True,True
e123750,0.569110370676,0.455372247518,-0.113738123158,0,hybrid50,change_vs_tradition,sport,software,freedom_vs_safety,1,0,B,True,B,True,True
e126119,0.56804003891,0.641818839352,0.0737788004419,1,hybrid50,health_vs_duty,education,software,ambition_vs_belonging,1,0,B,True,B,True,True
e136130,0.53540739519,0.636793151984,0.101385756794,1,hybrid50,fairness_vs_mercy,community_projects,public_services,truth_vs_loyalty,0,1,B,True,B,True,True
e138925,0.761132502371,0.587415062,-0.173717440371,0,hybrid50,quality_vs_speed,small_business,arts,discipline_vs_comfort,1,0,B,True,B,True,True
e149232,0.522766075832,0.843985591575,0.321219515743,1,hybrid50,personal_gain_vs_collective_impact,arts,small_business,discipline_vs_comfort,1,3,C,False,B,True,False
e149636,0.743274350982,0.564282725343,-0.178991625639,0,hybrid50,autonomy_vs_approval,healthcare,community_projects,discipline_vs_comfort,0,3,B,True,B,True,True
e158209,0.90261844267,0.858614758486,-0.0440036841832,0,hybrid50,health_vs_duty,agriculture,arts,discipline_vs_comfort,1,2,B,True,B,True,True
e159584,0.553632334281,0.524895693436,-0.0287366408454,0,hybrid50,change_vs_tradition,agriculture,sport,quality_vs_speed,1,3,B,True,B,True,True
e160554,0.587216121107,0.615119313004,0.0279031918976,1,hybrid50,security_vs_care,community_projects,arts,privacy_vs_openness,0,2,B,True,B,True,True
e161001,0.71634084256,0.428089482659,-0.288251359901,0,hybrid50,quality_vs_speed,public_services,software,health_vs_duty,0,1,B,True,B,True,True
e167029,0.552219245436,0.593648199147,0.041428953711,1,hybrid50,freedom_vs_safety,arts,community_projects,fairness_vs_mercy,0,1,B,True,B,True,True
e167363,0.591007616102,0.848865216889,0.257857600787,1,hybrid50,discipline_vs_comfort,science,education,privacy_vs_openness,1,0,B,True,B,True,True
e168057,0.555804238709,0.602293523134,0.0464892844251,1,hybrid50,fairness_vs_mercy,science,community_projects,personal_gain_vs_collective_impact,0,1,B,True,B,True,True
e175890,0.676999565962,0.738471767394,0.0614722014323,1,hybrid50,personal_gain_vs_collective_impact,education,community_projects,fairness_vs_mercy,0,3,B,True,B,True,True
e177634,0.677257633856,0.54099858728,-0.136259046576,0,hybrid50,fairness_vs_mercy,software,small_business,privacy_vs_openness,0,0,B,True,B,True,True
e182306,0.74640707964,0.655929857494,-0.0904772221451,0,hybrid50,personal_gain_vs_collective_impact,sport,community_projects,change_vs_tradition,1,0,B,True,B,True,True
e191647,0.490428910899,0.580270482843,0.0898415719437,1,hybrid50,security_vs_care,software,sport,health_vs_duty,0,1,B,True,B,True,True
e192668,0.635387719471,0.679894012896,0.0445062934246,1,hybrid50,discipline_vs_comfort,arts,healthcare,personal_gain_vs_collective_impact,1,1,B,True,B,True,True
e195720,0.664253974135,0.740955269463,0.0767012953279,1,hybrid50,ambition_vs_belonging,arts,education,autonomy_vs_approval,1,0,B,True,B,True,True
e208208,0.578575470545,0.618005729085,0.0394302585391,1,hybrid50,quality_vs_speed,sport,public_services,autonomy_vs_approval,1,3,B,True,B,True,True
e211999,0.811749975387,0.800969640053,-0.0107803353337,0,hybrid50,privacy_vs_openness,community_projects,software,discipline_vs_comfort,0,2,B,True,B,True,True
e214638,0.608585985624,0.521988043518,-0.0865979421061,0,hybrid50,truth_vs_loyalty,software,science,autonomy_vs_approval,1,2,B,True,B,True,True
e215267,0.57623697187,0.781897598226,0.205660626356,1,hybrid50,privacy_vs_openness,arts,education,freedom_vs_safety,1,1,B,True,B,True,True
e222314,0.640287057459,0.728797458928,0.0885104014683,1,hybrid50,privacy_vs_openness,arts,sport,health_vs_duty,0,3,B,True,B,True,True
e224123,0.66089247627,0.392528614823,-0.268363861447,0,hybrid50,fairness_vs_mercy,agriculture,healthcare,personal_gain_vs_collective_impact,1,0,C,False,B,True,False
e227316,0.418104314288,0.596385098657,0.17828078437,1,hybrid50,security_vs_care,science,healthcare,discipline_vs_comfort,1,0,B,True,B,True,True
e230868,0.641528784931,0.722916151127,0.0813873661955,1,hybrid50,fairness_vs_mercy,education,sport,autonomy_vs_approval,1,2,B,True,B,True,True
e231603,0.425266699125,0.703381154544,0.278114455419,1,hybrid50,personal_gain_vs_collective_impact,education,software,privacy_vs_openness,1,1,B,True,B,True,True
e239295,0.750367861763,0.874096703877,0.123728842114,1,hybrid50,fairness_vs_mercy,arts,software,security_vs_care,0,2,B,True,C,False,False
e242508,0.71621164385,0.618883121379,-0.0973285224713,0,hybrid50,ambition_vs_belonging,public_services,small_business,truth_vs_loyalty,0,3,B,True,B,True,True
e245015,0.764299622577,0.502818589075,-0.261481033502,0,hybrid50,health_vs_duty,sport,small_business,privacy_vs_openness,0,1,B,True,B,True,True
e245586,0.769422048382,0.52474783374,-0.244674214642,0,hybrid50,personal_gain_vs_collective_impact,healthcare,software,quality_vs_speed,0,0,B,True,B,True,True
e249597,0.565995427779,0.484569906408,-0.081425521371,0,hybrid50,personal_gain_vs_collective_impact,public_services,arts,freedom_vs_safety,0,2,B,True,B,True,True
e257479,0.887281236589,0.671818476946,-0.215462759643,0,hybrid50,autonomy_vs_approval,sport,small_business,health_vs_duty,1,3,B,True,B,True,True
e266383,0.744253503614,0.839246614226,0.0949931106113,1,hybrid50,health_vs_duty,arts,public_services,change_vs_tradition,0,0,B,True,B,True,True
e269142,0.503370330061,0.823179107502,0.319808777442,1,hybrid50,privacy_vs_openness,education,agriculture,change_vs_tradition,1,3,B,True,B,True,True
e269359,0.657316141705,0.609728870448,-0.0475872712567,0,hybrid50,autonomy_vs_approval,agriculture,software,fairness_vs_mercy,0,0,B,True,B,True,True
e269940,0.652773004755,0.566703638809,-0.086069365946,0,hybrid50,privacy_vs_openness,agriculture,small_business,ambition_vs_belonging,1,1,B,True,B,True,True
e271575,0.590024132089,0.577417403004,-0.0126067290849,0,hybrid50,truth_vs_loyalty,education,healthcare,health_vs_duty,1,2,B,True,B,True,True
e280334,0.365384091635,0.589450872015,0.22406678038,1,hybrid50,privacy_vs_openness,software,science,quality_vs_speed,0,1,B,True,B,True,True
e280448,0.605661618685,0.848740674122,0.243079055437,1,hybrid50,discipline_vs_comfort,healthcare,public_services,truth_vs_loyalty,0,2,B,True,B,True,True
e282243,0.714086950722,0.673714449654,-0.0403725010678,0,hybrid50,ambition_vs_belonging,sport,healthcare,fairness_vs_mercy,1,1,B,True,B,True,True
e286022,0.682917434752,0.572115654122,-0.11080178063,0,hybrid50,health_vs_duty,community_projects,education,quality_vs_speed,0,3,B,True,B,True,True
e292429,0.489001120917,0.367946885971,-0.121054234945,0,hybrid50,freedom_vs_safety,community_projects,agriculture,personal_gain_vs_collective_impact,0,0,B,True,B,True,True
e293727,0.519297781811,0.871323688594,0.352025906783,1,hybrid50,health_vs_duty,community_projects,healthcare,personal_gain_vs_collective_impact,1,1,B,True,B,True,True
e295481,0.639435277157,0.598731222461,-0.0407040546963,0,hybrid50,freedom_vs_safety,education,arts,security_vs_care,1,1,B,True,B,True,True
e310200,0.494681965455,0.658581946389,0.163899980934,1,hybrid50,change_vs_tradition,public_services,education,ambition_vs_belonging,1,0,B,True,B,True,True
e314391,0.476966056345,0.507240366615,0.0302743102709,1,hybrid50,change_vs_tradition,science,public_services,quality_vs_speed,0,0,B,True,B,True,True
e315995,0.442932115166,0.495737230339,0.0528051151732,1,hybrid50,change_vs_tradition,education,software,truth_vs_loyalty,0,3,B,True,B,True,True
e322785,0.56619609747,0.690788982886,0.124592885416,1,hybrid50,freedom_vs_safety,sport,software,quality_vs_speed,0,2,B,True,B,True,True
e334539,0.543506434477,0.538936654286,-0.00456978019068,0,hybrid50,truth_vs_loyalty,education,sport,security_vs_care,0,0,B,True,B,True,True
e345957,0.391962676081,0.589411970026,0.197449293945,1,hybrid50,fairness_vs_mercy,healthcare,education,privacy_vs_openness,1,3,B,True,B,True,True
e347223,0.585203500337,1.04455712143,0.459353621093,1,hybrid50,health_vs_duty,public_services,sport,change_vs_tradition,1,3,B,True,B,True,True
e358391,0.676146855338,0.559806121296,-0.116340734042,0,hybrid50,truth_vs_loyalty,community_projects,small_business,ambition_vs_belonging,0,1,B,True,B,True,True
e358760,0.670969267045,0.744392542883,0.0734232758379,1,hybrid50,discipline_vs_comfort,sport,agriculture,security_vs_care,1,2,B,True,B,True,True
e365088,0.529504139152,0.541254176775,0.0117500376235,1,hybrid50,ambition_vs_belonging,agriculture,small_business,freedom_vs_safety,1,0,B,True,B,True,True
e367876,0.503053703995,0.585900370507,0.0828466665122,1,hybrid50,truth_vs_loyalty,sport,education,ambition_vs_belonging,1,1,B,True,B,True,True
e372525,0.480577662338,0.567746478707,0.0871688163685,1,hybrid50,fairness_vs_mercy,public_services,agriculture,security_vs_care,1,1,neither,False,B,True,False
e375642,0.861076335516,0.762044037477,-0.0990322980391,0,hybrid50,privacy_vs_openness,healthcare,agriculture,fairness_vs_mercy,0,2,B,True,B,True,True
e377040,0.854366447437,0.501101536628,-0.353264910808,0,hybrid50,autonomy_vs_approval,small_business,arts,ambition_vs_belonging,0,2,B,True,B,True,True
e382692,0.609957635598,0.535383709359,-0.0745739262398,0,hybrid50,ambition_vs_belonging,small_business,software,change_vs_tradition,1,2,B,True,B,True,True
e385608,0.442294066675,0.717284326305,0.27499025963,1,hybrid50,privacy_vs_openness,agriculture,public_services,personal_gain_vs_collective_impact,0,3,C,False,B,True,False
e393194,0.515659886106,0.628585202559,0.112925316453,1,hybrid50,fairness_vs_mercy,small_business,public_services,freedom_vs_safety,1,2,B,True,C,False,False
e393464,0.67276975546,0.668070912863,-0.004698842597,0,hybrid50,health_vs_duty,healthcare,software,security_vs_care,0,3,B,True,B,True,True
e400162,0.500565575672,0.530456683074,0.0298911074013,1,hybrid50,fairness_vs_mercy,software,community_projects,quality_vs_speed,1,2,B,True,B,True,True
e402556,0.721996100006,0.775893677503,0.0538975774971,1,hybrid50,change_vs_tradition,healthcare,science,autonomy_vs_approval,0,0,B,True,B,True,True
e406118,0.850560872081,0.568973113815,-0.281587758266,0,hybrid50,autonomy_vs_approval,sport,public_services,security_vs_care,0,1,B,True,B,True,True
e408018,0.530186749016,0.576044793775,0.0458580447585,1,hybrid50,fairness_vs_mercy,small_business,agriculture,health_vs_duty,0,0,B,True,B,True,True
e409792,0.509646125706,0.336845851833,-0.172800273872,0,hybrid50,personal_gain_vs_collective_impact,agriculture,science,security_vs_care,0,1,B,True,B,True,True
e411947,0.734054939124,0.778956326418,0.0449013872936,1,hybrid50,privacy_vs_openness,community_projects,science,autonomy_vs_approval,1,0,B,True,B,True,True
e429520,0.548635613949,0.705947808649,0.157312194699,1,hybrid50,fairness_vs_mercy,agriculture,education,quality_vs_speed,0,2,B,True,B,True,True
e433119,0.678066868459,0.811898374312,0.133831505853,1,hybrid50,security_vs_care,small_business,science,change_vs_tradition,0,1,B,True,B,True,True
e433270,0.506752939952,0.890079515627,0.383326575675,1,hybrid50,quality_vs_speed,healthcare,small_business,privacy_vs_openness,0,3,B,True,B,True,True
e437483,0.681077801116,0.750901043926,0.0698232428099,1,hybrid50,discipline_vs_comfort,sport,healthcare,ambition_vs_belonging,0,0,B,True,B,True,True
e438502,0.549865852731,0.629814196185,0.0799483434543,1,hybrid50,ambition_vs_belonging,healthcare,public_services,security_vs_care,1,3,B,True,B,True,True
e441087,0.521806185896,0.722822775666,0.20101658977,1,hybrid50,discipline_vs_comfort,software,sport,change_vs_tradition,1,3,B,True,B,True,True
e444577,0.731074787176,0.531033356807,-0.200041430369,0,hybrid50,quality_vs_speed,arts,healthcare,freedom_vs_safety,0,0,B,True,B,True,True
e444915,0.469210771559,0.70397963719,0.234768865631,1,hybrid50,truth_vs_loyalty,small_business,public_services,quality_vs_speed,0,0,B,True,B,True,True
e445571,0.38314736469,0.694927681732,0.311780317042,1,hybrid50,change_vs_tradition,arts,community_projects,security_vs_care,1,3,B,True,B,True,True
e449534,0.726634467418,0.516002756198,-0.21063171122,0,hybrid50,discipline_vs_comfort,public_services,software,quality_vs_speed,1,2,B,True,B,True,True
e451329,0.703650114884,0.75110322728,0.0474531123964,1,hybrid50,fairness_vs_mercy,healthcare,sport,change_vs_tradition,0,1,B,True,B,True,True
e460139,0.517664274425,0.793024321422,0.275360046997,1,hybrid50,autonomy_vs_approval,public_services,arts,personal_gain_vs_collective_impact,1,3,C,False,B,True,False
e463179,0.521903994483,0.513676112491,-0.00822788199117,0,hybrid50,freedom_vs_safety,science,community_projects,change_vs_tradition,1,2,B,True,B,True,True
e464045,0.822850254772,0.601929230268,-0.220921024504,0,hybrid50,quality_vs_speed,education,public_services,change_vs_tradition,0,2,B,True,B,True,True
e470271,0.625743558516,0.442665768007,-0.183077790509,0,hybrid50,personal_gain_vs_collective_impact,science,public_services,freedom_vs_safety,1,2,B,True,B,True,True
e472464,0.562700849372,0.522710859652,-0.03998998972,0,hybrid50,quality_vs_speed,education,small_business,fairness_vs_mercy,1,0,B,True,B,True,True
e478161,0.346562074577,0.42466789179,0.078105817213,1,hybrid50,truth_vs_loyalty,science,arts,fairness_vs_mercy,1,3,B,True,B,True,True
e478188,0.857985015687,0.498178720436,-0.359806295251,0,hybrid50,autonomy_vs_approval,arts,agriculture,personal_gain_vs_collective_impact,0,0,B,True,B,True,True
e478381,0.372698782849,0.611994304804,0.239295521956,1,hybrid50,truth_vs_loyalty,small_business,community_projects,personal_gain_vs_collective_impact,1,2,B,True,B,True,True
e479745,0.659740187619,0.400214745218,-0.259525442401,0,hybrid50,ambition_vs_belonging,science,arts,freedom_vs_safety,0,1,B,True,B,True,True
e480131,0.648535728499,0.618313339068,-0.0302223894309,0,hybrid50,quality_vs_speed,agriculture,community_projects,ambition_vs_belonging,0,0,B,True,B,True,True
e491714,0.654985791204,0.601595877709,-0.0533899134946,0,hybrid50,personal_gain_vs_collective_impact,community_projects,education,change_vs_tradition,0,0,B,True,B,True,True
e492437,0.742203490568,0.576913329858,-0.16529016071,0,hybrid50,privacy_vs_openness,small_business,software,truth_vs_loyalty,1,3,B,True,B,True,True
e495461,0.627167607091,0.63328545061,0.00611784351872,1,hybrid50,security_vs_care,science,education,truth_vs_loyalty,0,2,B,True,B,True,True
e497456,0.783789190066,0.642498946167,-0.141290243899,0,hybrid50,health_vs_duty,education,community_projects,personal_gain_vs_collective_impact,0,2,B,True,B,True,True
e511029,0.581813943208,0.459406108444,-0.122407834764,0,hybrid50,personal_gain_vs_collective_impact,software,healthcare,ambition_vs_belonging,0,3,B,True,B,True,True
e515293,0.80620335506,0.490949087724,-0.315254267335,0,hybrid50,fairness_vs_mercy,sport,arts,truth_vs_loyalty,1,1,B,True,B,True,True
e527974,0.55100014905,0.546855414071,-0.00414473497951,0,hybrid50,discipline_vs_comfort,healthcare,small_business,autonomy_vs_approval,1,0,B,True,B,True,True
e529610,0.411078665957,0.64674372949,0.235665063533,1,hybrid50,ambition_vs_belonging,healthcare,agriculture,personal_gain_vs_collective_impact,0,1,B,True,B,True,True
e534757,0.438160331524,0.512389605769,0.0742292742451,1,hybrid50,discipline_vs_comfort,arts,education,quality_vs_speed,0,3,B,True,B,True,True
e535396,0.631064139788,0.696166054308,0.0651019145198,1,hybrid50,security_vs_care,community_projects,sport,quality_vs_speed,1,0,B,True,B,True,True
e535562,0.556369957742,0.81795091895,0.261580961208,1,hybrid50,change_vs_tradition,small_business,education,security_vs_care,0,3,B,True,B,True,True
e541035,0.718822831466,0.738223938745,0.0194011072785,1,hybrid50,health_vs_duty,arts,small_business,fairness_vs_mercy,1,2,C,False,B,True,False
e558518,0.457169320471,0.57016958645,0.113000265979,1,hybrid50,security_vs_care,software,education,freedom_vs_safety,1,3,B,True,B,True,True
e563179,0.648767525854,0.811080688278,0.162313162424,1,hybrid50,quality_vs_speed,small_business,science,truth_vs_loyalty,0,2,B,True,B,True,True
e564214,0.618137180372,0.546112360838,-0.0720248195338,0,hybrid50,privacy_vs_openness,sport,education,truth_vs_loyalty,0,0,B,True,B,True,True
e570367,0.79098901716,0.479400641258,-0.311588375902,0,hybrid50,ambition_vs_belonging,arts,sport,discipline_vs_comfort,0,2,B,True,B,True,True
e578352,0.567357028209,0.672695334712,0.105338306503,1,hybrid50,security_vs_care,small_business,arts,fairness_vs_mercy,1,3,B,True,B,True,True
e579607,0.847053572431,0.543818416856,-0.303235155575,0,hybrid50,change_vs_tradition,arts,small_business,ambition_vs_belonging,0,1,B,True,B,True,True
e579873,0.622538361447,0.503745304949,-0.118793056497,0,hybrid50,autonomy_vs_approval,science,agriculture,quality_vs_speed,1,1,B,True,B,True,True
e590577,0.527752313745,0.633693787773,0.105941474028,1,hybrid50,privacy_vs_openness,sport,healthcare,discipline_vs_comfort,1,2,B,True,B,True,True
e594670,0.625714032078,0.527373329516,-0.0983407025625,0,hybrid50,freedom_vs_safety,public_services,healthcare,fairness_vs_mercy,1,0,B,True,B,True,True
e598211,0.445190100241,0.683015670772,0.237825570531,1,hybrid50,truth_vs_loyalty,healthcare,education,freedom_vs_safety,0,1,B,True,B,True,True
e599508,0.63224931646,0.682738041455,0.0504887249949,1,hybrid50,discipline_vs_comfort,community_projects,arts,health_vs_duty,1,0,B,True,B,True,True
e602550,0.588419842779,0.420142996419,-0.16827684636,0,hybrid50,freedom_vs_safety,education,science,ambition_vs_belonging,0,3,B,True,B,True,True
e609396,0.525188344472,0.500390121601,-0.0247982228715,0,hybrid50,security_vs_care,education,small_business,personal_gain_vs_collective_impact,1,3,B,True,B,True,True
e612735,0.615883191914,0.669170221653,0.0532870297385,1,hybrid50,ambition_vs_belonging,agriculture,public_services,health_vs_duty,0,2,B,True,B,True,True
e620045,0.632263989196,0.669896670708,0.0376326815118,1,hybrid50,quality_vs_speed,arts,agriculture,truth_vs_loyalty,1,2,B,True,B,True,True
e621976,0.543454896571,0.66516032372,0.121705427149,1,hybrid50,discipline_vs_comfort,software,arts,autonomy_vs_approval,0,1,B,True,B,True,True
e624782,0.522969573579,0.530945305861,0.00797573228169,1,hybrid50,discipline_vs_comfort,education,public_services,freedom_vs_safety,1,3,B,True,B,True,True
e628765,0.673118275255,0.569950812298,-0.103167462957,0,hybrid50,change_vs_tradition,software,agriculture,fairness_vs_mercy,0,3,B,True,B,True,True
e629289,0.586615720994,0.757714033862,0.171098312868,1,hybrid50,ambition_vs_belonging,education,healthcare,privacy_vs_openness,0,0,B,True,B,True,True
e629454,0.617803774691,0.596839411572,-0.0209643631183,0,hybrid50,ambition_vs_belonging,community_projects,science,privacy_vs_openness,1,3,B,True,B,True,True
e630427,0.463368135583,0.614968748843,0.151600613259,1,hybrid50,security_vs_care,education,public_services,quality_vs_speed,0,1,B,True,B,True,True
e632673,0.681446799672,0.602224125914,-0.0792226737574,0,hybrid50,personal_gain_vs_collective_impact,healthcare,science,ambition_vs_belonging,1,2,B,True,B,True,True
e633721,0.625711879704,0.629130261764,0.00341838205973,1,hybrid50,autonomy_vs_approval,community_projects,sport,health_vs_duty,0,3,B,True,B,True,True
e649147,0.623338242087,0.578423142083,-0.044915100004,0,hybrid50,truth_vs_loyalty,agriculture,healthcare,autonomy_vs_approval,0,2,B,True,B,True,True
e650040,0.494670460347,0.724556008366,0.229885548019,1,hybrid50,autonomy_vs_approval,public_services,science,quality_vs_speed,0,1,B,True,B,True,True
e656482,0.681845086024,0.270835086233,-0.41100999979,0,hybrid50,change_vs_tradition,community_projects,healthcare,freedom_vs_safety,0,0,B,True,B,True,True
e660306,0.748636162573,0.546713021591,-0.201923140983,0,hybrid50,quality_vs_speed,software,sport,personal_gain_vs_collective_impact,0,2,B,True,C,False,False
e661245,0.5955083973,0.750221941401,0.154713544101,1,hybrid50,security_vs_care,arts,agriculture,change_vs_tradition,1,1,C,False,B,True,False
e664310,0.478983281482,0.554699257121,0.0757159756395,1,hybrid50,personal_gain_vs_collective_impact,arts,public_services,truth_vs_loyalty,0,1,B,True,B,True,True
e665956,0.650060253374,0.633300619593,-0.0167596337808,0,hybrid50,privacy_vs_openness,software,arts,personal_gain_vs_collective_impact,1,3,B,True,B,True,True
e668083,0.730000000998,0.592195273491,-0.137804727506,0,hybrid50,freedom_vs_safety,agriculture,sport,discipline_vs_comfort,0,1,B,True,B,True,True
e668841,0.55035400292,0.433675907058,-0.116678095862,0,hybrid50,discipline_vs_comfort,science,sport,fairness_vs_mercy,0,2,B,True,B,True,True
e671472,0.736235555966,0.621476893891,-0.114758662074,0,hybrid50,autonomy_vs_approval,arts,public_services,ambition_vs_belonging,1,2,B,True,B,True,True
e671952,0.506711192666,0.480142678994,-0.026568513672,0,hybrid50,fairness_vs_mercy,science,software,ambition_vs_belonging,1,3,C,False,B,True,False
e675540,0.527553059462,0.498187727118,-0.0293653323438,0,hybrid50,security_vs_care,agriculture,community_projects,freedom_vs_safety,0,3,C,False,B,True,False
e676013,0.825202161811,0.640582541185,-0.184619620626,0,hybrid50,personal_gain_vs_collective_impact,software,agriculture,security_vs_care,1,1,B,True,B,True,True
e677760,0.61806157249,0.777758447616,0.159696875126,1,hybrid50,quality_vs_speed,agriculture,software,security_vs_care,1,2,B,True,B,True,True
e682986,0.60457004493,0.573420028987,-0.031150015943,0,hybrid50,freedom_vs_safety,arts,software,privacy_vs_openness,1,3,B,True,B,True,True
e684845,0.821667158579,0.534843126426,-0.286824032153,0,hybrid50,freedom_vs_safety,healthcare,arts,health_vs_duty,0,0,B,True,B,True,True
e687961,0.627303155382,0.659880930166,0.0325777747842,1,hybrid50,autonomy_vs_approval,software,healthcare,fairness_vs_mercy,1,0,B,True,C,False,False
e689149,0.721306241107,0.934396239736,0.213089998629,1,hybrid50,health_vs_duty,public_services,arts,autonomy_vs_approval,0,1,B,True,B,True,True
e690672,0.447542631339,0.67018320966,0.222640578321,1,hybrid50,personal_gain_vs_collective_impact,small_business,sport,discipline_vs_comfort,0,3,B,True,B,True,True
e692313,0.655319615414,0.740967599306,0.0856479838914,1,hybrid50,health_vs_duty,small_business,education,privacy_vs_openness,1,0,B,True,B,True,True
e693438,0.506203654954,0.704356817113,0.19815316216,1,hybrid50,change_vs_tradition,community_projects,agriculture,truth_vs_loyalty,1,2,B,True,B,True,True
e696200,0.624968504191,0.659756020956,0.0347875167649,1,hybrid50,ambition_vs_belonging,public_services,community_projects,discipline_vs_comfort,1,1,B,True,B,True,True
e699555,0.645656050677,0.47584479474,-0.169811255937,0,hybrid50,truth_vs_loyalty,arts,sport,quality_vs_speed,1,0,B,True,B,True,True
e711069,0.591574522859,0.571645625198,-0.0199288976606,0,hybrid50,health_vs_duty,sport,community_projects,quality_vs_speed,1,3,B,True,B,True,True
e713368,0.644770406692,0.912284888167,0.267514481475,1,hybrid50,discipline_vs_comfort,small_business,software,personal_gain_vs_collective_impact,0,1,B,True,B,True,True
e716892,0.508137835576,0.6728731354,0.164735299824,1,hybrid50,truth_vs_loyalty,public_services,small_business,privacy_vs_openness,1,1,B,True,B,True,True
e721871,0.631189749271,0.762271048656,0.131081299385,1,hybrid50,security_vs_care,arts,healthcare,autonomy_vs_approval,0,3,B,True,B,True,True
e729209,0.905354865589,0.59863668109,-0.306718184498,0,hybrid50,change_vs_tradition,agriculture,arts,privacy_vs_openness,0,1,B,True,B,True,True
e729603,0.630284091299,0.634908819972,0.00462472867272,1,hybrid50,personal_gain_vs_collective_impact,agriculture,arts,health_vs_duty,1,3,B,True,B,True,True
e732875,0.595891998289,0.69412618009,0.0982341818013,1,hybrid50,ambition_vs_belonging,software,arts,health_vs_duty,1,2,B,True,B,True,True
e735008,0.693385243699,0.784359128738,0.0909738850391,1,hybrid50,personal_gain_vs_collective_impact,small_business,education,autonomy_vs_approval,1,1,B,True,B,True,True
e735739,0.570481310761,0.537911038655,-0.0325702721064,0,hybrid50,security_vs_care,public_services,science,autonomy_vs_approval,1,2,B,True,B,True,True
e742051,0.576706217279,0.641353071635,0.0646468543551,1,hybrid50,freedom_vs_safety,science,small_business,autonomy_vs_approval,0,0,B,True,B,True,True
e748039,0.505861721113,0.59673834603,0.0908766249169,1,hybrid50,privacy_vs_openness,public_services,small_business,security_vs_care,0,0,B,True,B,True,True
e750120,0.550192001657,0.5628077666,0.0126157649435,1,hybrid50,security_vs_care,healthcare,community_projects,health_vs_duty,1,0,B,True,B,True,True
e751725,0.716246383625,0.883093195427,0.166846811802,1,hybrid50,change_vs_tradition,sport,community_projects,health_vs_duty,0,2,B,True,B,True,True
e759795,0.407934627405,0.581501918993,0.173567291589,1,hybrid50,personal_gain_vs_collective_impact,science,agriculture,health_vs_duty,0,0,B,True,B,True,True
e760826,0.708087925372,0.77879317339,0.0707052480182,1,hybrid50,health_vs_duty,software,agriculture,truth_vs_loyalty,1,0,C,False,B,True,False
e771712,0.511247197447,0.713487849192,0.202240651744,1,hybrid50,fairness_vs_mercy,community_projects,small_business,discipline_vs_comfort,1,3,B,True,B,True,True
e779700,0.738571540303,0.767392359413,0.0288208191106,1,hybrid50,health_vs_duty,agriculture,science,truth_vs_loyalty,0,0,B,True,B,True,True
e780705,0.496516661828,0.592832185143,0.0963155233149,1,hybrid50,personal_gain_vs_collective_impact,public_services,sport,truth_vs_loyalty,1,0,B,True,B,True,True
e782208,0.481358657156,0.544748375637,0.0633897184807,1,hybrid50,change_vs_tradition,software,public_services,privacy_vs_openness,1,1,B,True,B,True,True
e782459,0.423031388391,0.408240187133,-0.0147912012583,0,hybrid50,quality_vs_speed,community_projects,arts,autonomy_vs_approval,0,3,B,True,B,True,True
e782824,0.828040554445,0.654163537204,-0.173877017241,0,hybrid50,discipline_vs_comfort,community_projects,science,security_vs_care,0,2,B,True,B,True,True
e784832,0.682450231233,0.625999669563,-0.0564505616696,0,hybrid50,security_vs_care,sport,agriculture,fairness_vs_mercy,0,0,B,True,B,True,True
e790209,0.379009802915,0.813951982788,0.434942179873,1,hybrid50,freedom_vs_safety,sport,science,personal_gain_vs_collective_impact,1,0,B,True,B,True,True
e791685,0.606277125003,0.614321864405,0.00804473940173,1,hybrid50,freedom_vs_safety,small_business,healthcare,privacy_vs_openness,0,3,B,True,B,True,True
e792357,0.556901605257,0.410506417759,-0.146395187498,0,hybrid50,truth_vs_loyalty,public_services,agriculture,fairness_vs_mercy,0,3,B,True,B,True,True
e792904,0.546033436785,0.569696399504,0.0236629627189,1,hybrid50,freedom_vs_safety,agriculture,education,autonomy_vs_approval,1,3,B,True,B,True,True
e793029,0.639062468211,0.469344413511,-0.1697180547,0,hybrid50,freedom_vs_safety,healthcare,sport,truth_vs_loyalty,1,2,C,False,B,True,False
e794699,0.680528982928,0.752887584445,0.0723586015173,1,hybrid50,ambition_vs_belonging,sport,education,change_vs_tradition,0,3,B,True,B,True,True
e796327,0.505829862958,0.503937121096,-0.00189274186247,0,hybrid50,freedom_vs_safety,small_business,agriculture,quality_vs_speed,1,1,B,True,B,True,True
e797829,0.794460360531,0.499536359048,-0.294924001483,0,hybrid50,health_vs_duty,healthcare,science,freedom_vs_safety,1,1,B,True,B,True,True
e802980,0.585837399162,0.627693418243,0.0418560190818,1,hybrid50,privacy_vs_openness,science,sport,security_vs_care,1,0,B,True,B,True,True
e806677,0.550143372811,0.627569902473,0.0774265296614,1,hybrid50,privacy_vs_openness,education,healthcare,autonomy_vs_approval,0,1,B,True,B,True,True
e809235,0.591373949728,0.688240327499,0.0968663777709,1,hybrid50,quality_vs_speed,community_projects,sport,change_vs_tradition,1,1,B,True,B,True,True
e814005,0.577998156406,0.690077366873,0.112079210468,1,hybrid50,truth_vs_loyalty,science,software,change_vs_tradition,0,1,B,True,B,True,True
e818481,0.500483748739,0.91664535961,0.416161610871,1,hybrid50,security_vs_care,healthcare,small_business,ambition_vs_belonging,0,2,B,True,B,True,True
e819740,0.624135920065,0.566402182539,-0.0577337375259,0,hybrid50,freedom_vs_safety,public_services,education,change_vs_tradition,0,2,B,True,B,True,True
e821044,0.636240686962,0.97362602059,0.337385333628,1,hybrid50,change_vs_tradition,small_business,healthcare,health_vs_duty,1,1,B,True,B,True,True
e821660,0.756803556137,0.721673061369,-0.0351304947683,0,hybrid50,discipline_vs_comfort,agriculture,community_projects,fairness_vs_mercy,1,1,B,True,B,True,True
e825330,0.738891725669,0.780345500179,0.0414537745098,1,hybrid50,quality_vs_speed,public_services,science,freedom_vs_safety,1,3,B,True,B,True,True
e826013,0.490243353905,0.71216597123,0.221922617325,1,hybrid50,truth_vs_loyalty,sport,arts,personal_gain_vs_collective_impact,0,3,B,True,B,True,True
e826355,0.480203147133,0.545301680949,0.0650985338166,1,hybrid50,truth_vs_loyalty,agriculture,public_services,change_vs_tradition,1,0,B,True,B,True,True
e836308,0.573502962895,0.626163300536,0.0526603376411,1,hybrid50,privacy_vs_openness,science,arts,ambition_vs_belonging,0,2,B,True,B,True,True
e837276,0.477100175251,0.541527803027,0.0644276277759,1,hybrid50,autonomy_vs_approval,science,healthcare,privacy_vs_openness,0,3,B,True,B,True,True
e838439,0.654217421831,0.384406419768,-0.269811002063,0,hybrid50,autonomy_vs_approval,education,small_business,freedom_vs_safety,0,2,B,True,B,True,True
e843984,0.648327101284,0.425463864852,-0.222863236431,0,hybrid50,truth_vs_loyalty,community_projects,software,security_vs_care,1,3,B,True,B,True,True
e853899,0.551563185105,0.998241117421,0.446677932316,1,hybrid50,autonomy_vs_approval,agriculture,science,privacy_vs_openness,1,2,B,True,B,True,True
e860383,0.400731609588,0.724877757559,0.324146147971,1,hybrid50,security_vs_care,public_services,software,discipline_vs_comfort,0,0,B,True,B,True,True
e867758,0.699336136965,0.581202673887,-0.118133463078,0,hybrid50,security_vs_care,agriculture,software,truth_vs_loyalty,1,1,B,True,B,True,True
e873827,0.646280895146,0.82423837174,0.177957476593,1,hybrid50,change_vs_tradition,public_services,sport,personal_gain_vs_collective_impact,0,2,B,True,B,True,True
e875287,0.832509077692,1.07774040425,0.245231326557,1,hybrid50,autonomy_vs_approval,small_business,sport,security_vs_care,1,0,B,True,B,True,True
e876711,0.700356049108,0.561599878176,-0.138756170931,0,hybrid50,autonomy_vs_approval,software,education,change_vs_tradition,0,2,B,True,B,True,True
e885393,0.392077540478,0.48340993515,0.0913323946718,1,hybrid50,fairness_vs_mercy,public_services,healthcare,ambition_vs_belonging,0,3,B,True,B,True,True
e886494,0.525845685222,0.799168852626,0.273323167404,1,hybrid50,health_vs_duty,small_business,sport,fairness_vs_mercy,0,2,B,True,B,True,True
e888857,0.62275411075,0.607001133159,-0.0157529775919,0,hybrid50,ambition_vs_belonging,community_projects,software,fairness_vs_mercy,0,1,B,True,B,True,True
e889561,0.741764384873,0.481988135132,-0.259776249741,0,hybrid50,health_vs_duty,software,healthcare,freedom_vs_safety,0,2,B,True,B,True,True
e892350,0.649711174025,0.606237185385,-0.0434739886396,0,hybrid50,discipline_vs_comfort,small_business,science,ambition_vs_belonging,1,3,B,True,B,True,True
e896152,0.390286088152,0.666544830234,0.276258742082,1,hybrid50,change_vs_tradition,education,science,discipline_vs_comfort,1,1,B,True,B,True,True
e897599,0.535768898659,0.530463171175,-0.00530572748401,0,hybrid50,health_vs_duty,science,public_services,autonomy_vs_approval,1,1,B,True,B,True,True
e899130,0.508658464715,0.679622528186,0.170964063471,1,hybrid50,ambition_vs_belonging,small_business,community_projects,autonomy_vs_approval,0,0,B,True,B,True,True
e899499,0.603638405701,0.883581948108,0.279943542406,1,hybrid50,truth_vs_loyalty,software,community_projects,discipline_vs_comfort,0,0,B,True,B,True,True
e904759,0.609234365287,0.56332977885,-0.0459045864372,0,hybrid50,freedom_vs_safety,software,small_business,discipline_vs_comfort,1,1,B,True,B,True,True
e905292,0.741477387124,0.544985233438,-0.196492153686,0,hybrid50,discipline_vs_comfort,education,agriculture,health_vs_duty,0,1,B,True,B,True,True
e909061,0.645855580514,0.539729016982,-0.106126563532,0,hybrid50,privacy_vs_openness,healthcare,public_services,quality_vs_speed,1,0,B,True,B,True,True
e918142,0.636899557273,1.03449985759,0.397600300322,1,hybrid50,truth_vs_loyalty,arts,science,privacy_vs_openness,0,2,B,True,B,True,True
e920916,0.654466645875,0.65893071941,0.0044640735348,1,hybrid50,quality_vs_speed,healthcare,community_projects,personal_gain_vs_collective_impact,1,1,B,True,B,True,True
e926843,0.511613347487,0.823105525276,0.311492177789,1,hybrid50,discipline_vs_comfort,public_services,community_projects,privacy_vs_openness,0,0,B,True,B,True,True
e935599,0.428445013205,0.701964707895,0.27351969469,1,hybrid50,truth_vs_loyalty,healthcare,agriculture,discipline_vs_comfort,1,3,B,True,B,True,True
e936853,0.748803244982,0.514048135063,-0.234755109919,0,hybrid50,autonomy_vs_approval,healthcare,software,change_vs_tradition,1,1,B,True,B,True,True
e940305,0.700196096243,0.684996090604,-0.0152000056384,0,hybrid50,security_vs_care,sport,public_services,privacy_vs_openness,1,2,B,True,B,True,True
e942370,0.643178772287,0.408700424678,-0.234478347609,0,hybrid50,health_vs_duty,science,agriculture,discipline_vs_comfort,0,3,B,True,B,True,True
e945953,0.458955718126,0.56923322151,0.110277503384,1,hybrid50,quality_vs_speed,science,education,security_vs_care,0,3,B,True,B,True,True
e948218,0.590092072503,0.721657811399,0.131565738896,1,hybrid50,ambition_vs_belonging,software,science,security_vs_care,0,0,B,True,B,True,True
e948707,0.641317078979,0.598811992573,-0.0425050864066,0,hybrid50,change_vs_tradition,science,small_business,personal_gain_vs_collective_impact,1,2,B,True,B,True,True
e958112,0.683950680834,0.459748463947,-0.224202216887,0,hybrid50,ambition_vs_belonging,education,agriculture,quality_vs_speed,1,2,B,True,B,True,True
e961947,0.568090647998,0.702243485068,0.13415283707,1,hybrid50,quality_vs_speed,science,healthcare,health_vs_duty,1,1,B,True,B,True,True
e970100,0.969348271499,0.71262929403,-0.256718977469,0,hybrid50,change_vs_tradition,healthcare,arts,fairness_vs_mercy,1,2,B,True,B,True,True
e979356,0.531737692632,0.672262677489,0.140524984857,1,hybrid50,freedom_vs_safety,community_projects,public_services,ambition_vs_belonging,1,2,B,True,B,True,True
e979543,0.75458005362,0.612642763191,-0.141937290429,0,hybrid50,personal_gain_vs_collective_impact,sport,small_business,autonomy_vs_approval,0,2,B,True,B,True,True
e986961,0.651702583278,0.673778520981,0.0220759377031,1,hybrid50,quality_vs_speed,software,education,ambition_vs_belonging,1,0,B,True,B,True,True
e987456,0.576285052074,0.568294644834,-0.00799040724013,0,hybrid50,privacy_vs_openness,public_services,community_projects,health_vs_duty,1,2,B,True,B,True,True
e989337,0.558276418336,0.60467316756,0.0463967492241,1,hybrid50,quality_vs_speed,sport,agriculture,discipline_vs_comfort,0,1,B,True,B,True,True
e989918,0.764188943261,0.531106149019,-0.233082794242,0,hybrid50,fairness_vs_mercy,arts,science,health_vs_duty,1,0,B,True,B,True,True
e990329,0.630176140161,0.56190734187,-0.0682687982906,0,hybrid50,autonomy_vs_approval,education,community_projects,truth_vs_loyalty,1,0,B,True,B,True,True
e996895,0.404518300529,0.71499246985,0.310474169321,1,hybrid50,fairness_vs_mercy,sport,science,freedom_vs_safety,0,3,B,True,B,True,True
